Slug,Name,Power1,PowerDie1,Power2,PowerDie2,Power3,PowerDie3,Power4,PowerDie4,Power5,PowerDie5,Power6,PowerDie6,Quality1,QualityDie1,Quality2,QualityDie2,Quality3,QualityDie3,Quality4,QualityDie4,Quality5,QualityDie5,Quality6,QualityDie6,MaxHealth,GreenStatusDie,YellowStatusDie,RedStatusDie,GMControlled,Principle1Name,Principle1Roleplay,Principle1MinorTwist,Principle1MajorTwist,Principle2Name,Principle2Roleplay,Principle2MinorTwist,Principle2MajorTwist
absolute-zero,Absolute Zero,Absorption,d6,Cold,d12,Intuition,d8,Vitality,d6,,,,,Banter,d8,Cool Under Pressure,d8,Creativity,d8,Ranged Combat,d8,,,,,29,d8,d8,d8,false,Principle of Dependence,You are reliant on your coolant suit and cannot normally function without it.,How did part of your coolant suit get damaged or lost?,How is your dependence on your coolant suit preventing you from functioning as a hero?,Principle of Cold,You have an affinity to the cold. You can interact with cold temperatures and effects with ease.,What other energy/element is currently causing your powers to go on the fritz?,What source of energy/element is currently dampening all your powers?
aeon-girl,Aeon Girl,Absorption,d8,Cosmic,d8,Density Control,d8,Flight,d8,Infernal,d8,Teleportation,d8,Alertness,d8,Cosmic Progeny,d8,Ranged Combat,d8,,,,,,,35,d6,d6,d12,false,Principle of Levity,You keep your positive outlook even when all hope is lost. Your spirit is nearly impossible to break.,Who did you offend by making light at the wrong time?,What has occurred to finally break your good spirits?,Principle of Cosmic Energy,You have an affinity with cosmic energy. You can interact with cosmic energy with ease.,What other energy/element is currently causing your powers to go on the fritz?,What source of energy/element is currently dampening all your powers?
bunker,Bunker,Power Suit,d8,RIOT Cannon,d8,Lightning Calculator,d8,Strength,d8,,,,,Fitness,d6,Insight,d6,Ranged Combat,d8,Self-Discipline,d8,Veteran,d8,,,33,d8,d8,d10,false,Principle of the Defender,You will put yourself in harm's way to defend another without a second thought.,How do your actions put you in more danger than before?,What great sacrifice did you just make to succeed?,Principle of the Tactician,"You are constantly assessing the situation, making plans and backup plans, and then reassessing the situation.",What one variable did your plan not account for?,What major threat is revealed that invalidates all your plans?
heritage,Heritage,Awareness,d8,Flight,d8,Speed,d6,Strength,d8,Vitality,d8,,,America's Finest,d8,Close Combat,d8,History,d8,Leadership,d8,,,,,32,d6,d8,d10,false,Principle of Order,You believe in organization and concordance. You always keep your head in the face of chaos.,What element of disorder causes your plan to fall apart?,How is your ordered existence ruined by chaos?,Principle of the Mentor,It is important to you to share your knowledge and experience with less-weathered heroes. Everyone grants you some measure of respect for your wisdom.,Which whippersnapper just showed you up?,What has just proven that you're too behind the times?
legacy,Legacy,Atomic Glare,d8,Flight,d8,Strength,d8,Vitality,d8,,,,,America's Finest,d8,Close Combat,d8,History,d8,Insight,d8,Ranged Combat,d8,,,32,d10,d8,d8,false,Principle of the Hero,"Because of your abilities, you have a calling to protect others.",Your immediate need to help someone else causes you to drop the ball in your personal life. What was it?,You're given an ultimatum between your life as a hero and something else you value. What do you give up?,Principle of Justice,You are always aware of acts of injustice in your environment and those who have committed them.,How are you taking extra time to show yourself as a shining example of justice?,How do you unnerve your allies in the single-minded pursuit of justice?
muerto,Muerto,Awareness,d8,Electricity,d8,Intangibility,d8,Part Detachment,d6,Power Suit,d8,Remote Viewing,d8,Anima,d8,Finesse,d8,Stealth,d8,Technology,d8,,,,,25,d10,d8,d6,false,Principle of the Gearhead,"You always know the general state of repair or function of an item of technology, whether it's a simple toaster or an alien orbital defense system.",What mechanical device just shorted out?,What machine just went terribly off the rails?,Principle of the Mask,It is vitally important that you hide your true identity. You have a career that allows you to slip between identities when necessary.,What clue did you leave behind towards your real identity?,Who from your civilian life is now in imminent danger?
muse,Muse,Illusions,d8,Intuition,d8,Invisibility,d6,Suggestion,d8,Telekinesis,d8,Telepathy,d8,Awakened Mind,d8,Conviction,d8,Creativity,d8,Insight,d8,,,,,29,d6,d6,d12,false,Principle of Mastery,You have thoroughly studied your own powers and are proud of your mastery of them.,How did your powers fail you in the moment?,What side effects are you suffering from your powers?,Principle of the Inner Demon,You have a darkness in you that you strive to keep suppressed. You can connect with your dark side for connection with similar forces.,What sinister act comes from tapping into your dark side?,What havoc does your dark side inflict as you allow it to take control?
rockstar,Rockstar,Stone,d12,Strength,d8,Transmutation,d6,Vitality,d8,,,,,Close Combat,d8,Creativity,d10,Hard Rock Lifestyle,d8,Leadership,d6,,,,,30,d10,d8,d6,false,Principle of Ambition,"There is something you want, and you will strive towards achieving your goals, no matter the cost. You see paths to victory that no one else will.",How are the pursuit of your goals getting in the way of being a hero in this situation?,What did you just pass up or miss that could have helped you achieve your biggest goal at last?,Principle of Strength,"You are very strong, so you must be careful not to crush delicate things. You do not need to roll to perform mundane acts of great strength.",What just broke?,Who just broke?
tachyon,Tachyon,Inventions,d8,Lightning Calculator,d8,Speed,d8,Vitality,d6,,,,,Finesse,d8,Mind Over Matter,d8,Science,d12,Self-Discipline,d8,,,,,27,d6,d8,d12,false,Principle of Speed,"You're fast, and you don't like to waste time. You like to be on your way as quickly as possible.",What physical drawbacks do you suffer from going too fast?,What critical detail did you speed by earlier that is now coming back to haunt you?,Principle of Science,You are up to date on and understand most modern scientific theories and research and can quote from them during conversations.,What were the surprising effects of leveraging that scientific principle in this situation?,Oh heck! What just blew up?
headlong,Headlong,Agility,d8,Awareness,d6,Intuition,d8,Momentum,d8,Speed,d6,,,Acrobatics,d8,Banter,d6,Criminal Underworld Info,d6,Hustlin',d8,Persuasion,d10,,,28,d6,d8,d10,false,Principle of the Mask,It is vitally important that you hide your true identity. You have a career that allows you to slip between identities when necessary.,What clue did you leave behind towards your real identity?,Who from your civilian life is now in imminent danger?,Principle of Speed,"You're fast, but you don't like to waste time. You like to be on your way to your destinations as quickly as possible.",What physical drawbacks do you suffer from going too fast?,What critical detail did you speed by earlier that is now coming back to haunt you?
wraith,Wraith,Agility,d8,Deduction,d8,Gadgets,d8,Throwing Knives,d8,,,,,Close Combat,d8,Investigation,d8,Fitness,d8,Ranged Combat,d8,Stealth,d8,Wealthy CEO,d8,28,d10,d8,d6,false,Principle of the Detective,Sense when important information is being hidden; might not know what.,What important clue did you miss?,What major secret was just revealed that you would rather have stayed hidden?,Principle of Stealth,Always know the most efficient way to enter or leave a location.,What evidence of your presence did you just leave behind?,What just happened that identified you as an obvious threat?
time-slinger,Time-Slinger,Awareness,d8,Postcognition,d8,Power Arm,d8,Robot Horse,d6,Time Revolver,d8,,,History,d8,Ranged Combat,d8,Self-Discipline,d8,Time-Lost Sheriff,d8,,,,,30,d8,d8,d8,false,Principle of the Time Traveler,Far from your own time; sense when time is not quite right.,What detail of this era did you not previously know about?,What effects are happening as you discorporate in time?,Principle of Whispers,"Hear a voice in your head; tells you things, true or false.",How did the voice in your head just distract you?,What is the voice demanding of you now?
