Slug,Name,Trait1,TraitDie1,Trait2,TraitDie2,Trait3,TraitDie3,Active,Origin,GreenMinorTwist1,GreenMinorTwist1Description,GreenMinorTwist2,GreenMinorTwist2Description,GreenMajorTwist,GreenMajorTwistDescription,YellowMinorTwist1,YellowMinorTwist1Description,YellowMinorTwist2,YellowMinorTwist2Description,YellowMajorTwist,YellowMajorTwistDescription,RedMinorTwist1,RedMinorTwist1Description,RedMinorTwist2,RedMinorTwist2Description,RedMajorTwist,RedMajorTwistDescription,MinionSlugs,LieutenantSlugs
eldritch-storm-over-rook-city,Eldritch Storm Over Rook City,DIMENSIONAL RIFTS,d8,HORRIFIC DISTORTIONS,d8,MALEVOLENT CHAOES,d8,false,premade,A Rift Opens,"A storm rift opens and closes near one hero, releasing a stunning thunderclap. Roll the environment’s dice and Hinder one target with Mid.",Imp Raid,"A clutch of Storm Imps swoop, strike, and flee. Roll the environment’s dice and deal Min damage to all heroes in the same location.",Help! It’s Got Me,"A storm rift opens up nearby and creates a powerful vacuum effect, slowly pulling in cars and other large objects.

Roll the environment’s dice and Hinder one hero with the Mid die.

---
> [!tracker]
> - [ ] Rescue
---

A few screaming citizens are hanging on for dear life as the rift pull gets stronger and stronger. Saving them requires an Overcome action before the next environment turn or they get pulled in and vanish.",The Touch of the Visionary,"Visionary contacts one of the heroes in the scene and offers to help by guiding them with her telepathy. If they accept, roll the Eldritch Storm Over Rook City dice and Boost using the Mid die to create a persistent and exclusive bonus for that hero. However, if they allow it to happen, Visionary learns one secret from the hero.",Eldritch Bolts,The vortex of clouds and malevolent energies of the storm react to your presence and strike! Roll the environment’s dice. Deal Mid damage to one hero and Hinder another with Min.,Storm Portal,"A rift opens nearby, releasing horrors beyond comprehension. Roll the environment’s dice and add a number of Storm Imps equal to the Mid die.",Exploding Imp,"A micro rift opens inside a Storm Imp, making it explode into several more! Roll the environment’s dice, deal Max damage to one hero and add Mid Storm Imps to the location.","Not Tentacles, again!",A tremendous rift open in the storm and the Faceless Elder extends one of its miles long tentacles smashing almost everything in the location. Roll the environment’s dice and deal Max damage to all targets in one location. Add a Faceless Elder Tentacle to the scene.,It Is Nearly Here,"If the scene tracker hits the last space, hundreds of immense rifts open, bringing the Eldritch Elder through each of them, destroying most of the city. The heroes can only prevent this by finding the location of each grand cultist and putting an end to their rituals before it’s too late.",storm-imps,faceless-elder-tentacle
the-drowned-angler-territory,The Drowned (Angler Territory),Angler Admin Area,d8,Angler Private Area,d8,Shocker Gang Area,d10,true,custom,The Drowned Police,"Drowned Police officers show up to ""help out."" Roll the environment dice. Either use the Max die as an Overcome against a challenge in the scene or use the Min die as an Attack against all opponents of the heroes.",Traffic Pileup,"The conflict is causing a mess of the roadways. This is going to make things more complicated, especially for anyone trying to get around. Roll the environment dice as a Hinder using the Mid die against any heroes on foot in or near the streets.",Hostage Situation,"A villain or minions thereof have taken some civilians hostage!

[ ] [ ] Save the civilians!
   Roll the environment dice. Hinder all heroes with the Min die. That penalty is persistent until this challenge is completed.",,,,,,,,,,,,,,
