Slug,Name,Approach,Archetype,Power1,PowerDie1,Power2,PowerDie2,Power3,PowerDie3,Power4,PowerDie4,Power5,PowerDie5,Quality1,QualityDie1,Quality2,QualityDie2,Quality3,QualityDie3,Quality4,QualityDie4,Quality5,QualityDie5,Quality6,QualityDie6,MaxHealth,GreenFloor,YellowFloor,RedFloor,GreenStatusDie,YellowStatusDie,RedStatusDie,Status1Label,Status1Die,Status2Label,Status2Die,Status3Label,Status3Die,Status4Label,Status4Die,Status5Label,Status5Die,Active,Origin,Affiliation
biomancer,Biomancer,Creator,Legion,Fleshcrafting,d8,Presence,d8,Robotics,d6,Vitality,d8,,,Creativity,d8,Fleshfather,d8,History,d8,Insight,d8,Magical Lore,d8,,,30,,,,,,,9+ minions,d4,5-8 minions,d6,3-4 minions,d8,1-2 minions,d10,0 minions,d12,false,premade,Enemy
blister,Blister,Focused,Fragile,Fire,d6,Presence,d8,,,,,,,Close Combat,d8,Creativity,d8,Hot Licks,d8,,,,,,,30,23,12,1,d8,d8,d6,,,,,,,,,,,false,premade,Enemy
deeproot,Deeproot,Generalist,Indomitable,Awareness,d6,Plants,d8,Strength,d8,Swinging,d8,,,Close Combat,d6,Imposing,d8,Self-Discipline,d8,Steady Rhythm,d8,,,,,65,,,,,,,Always,d8,,,,,,,,,false,premade,Enemy
dragonclaw,Dragonclaw,Ninja,Guerrilla,Agility,d8,Infernal,d8,Remote Viewing,d8,Speed,d6,The Jade Talon,d8,Acrobatics,d8,Close Combat,d8,Criminal Underworld Info,d8,Investigation,d8,Student of Many Masters,d8,,,60,,,,,,,4+ Engaged Opponents,d8,2-3 Engaged Opponents,d8,0-1 Engaged Opponents,d6,,,,,false,premade,Enemy
drudge,Drudge,Leech,Loner,Infernal,d8,Presence,d8,Vitality,d6,,,,,Alertness,d8,Blood Sucking Fiend,d8,Close Combat,d8,Persuasion,d8,,,,,45,,,,,,,0 Other Villains in the Scene,d8,1-2 Other Villains in the Scene,d8,3+ Other Villains in the Scene,d6,,,,,false,premade,Enemy
ermine,Ermine,Skilled,Formidable,Agility,d8,Gadgets,d8,Invisibility,d6,,,,,Acrobatics,d8,Banter,d8,Criminal Underworld Info,d8,Finesse,d8,Flashy Felon,d8,Stealth,d8,60,,,,,,,Any Penalties and No Bonuses,d4,Some Penalties and Some Bonuses,d8,No Penalties,d12,,,,,false,premade,Enemy
fright-train,Fright Train,Disruptive,Bruiser,Momentum,d8,Railway Gun,d8,Strength,d8,Vitality,d8,,,Close Combat,d8,Imposing,d8,Off the Rails,d8,Ranged Combat,d8,,,,,60,41,17,1,d6,d8,d8,,,,,,,,,,,false,premade,Enemy
glamour,Glamour,Disruptive,Inhibitor,Awareness,d8,Illusions,d8,Presence,d8,Sonic,d8,,,Creativity,d8,Criminal Underworld Info,d8,Leadership,d8,Mirror Image,d8,,,,,50,,,,,,,3+ Heroes with at least one Penalty,d8,1-2 Heroes with at least one Penalty,d8,0 Heroes with at least one Penalty,d6,,,,,false,premade,Enemy
hippo,Hippo,Bully,Bruiser,Power Suit,d8,Strength,d8,Vitality,d8,,,,,Close Combat,d8,Fitness,d8,Hungry Hungry,d8,,,,,,,65,45,18,1,d6,d8,d8,,,,,,,,,,,false,premade,Enemy
iron-curtain,Iron Curtain,Prideful,Guerrilla,Leaping,d8,Presence,d8,Strength,d8,Vitality,d8,,,Close Combat,d8,Conviction,d8,History,d8,Imposing,d8,Iron Heir,d8,,,65,,,,,,,4+ Engaged Opponents,d8,2-3 Engaged Opponents,d8,0-1 Engaged Opponents,d6,,,,,false,premade,Enemy
kismet,Kismet,Dampening,Fragile,Intuition,d8,Karma,d8,Presence,d8,,,,,Creativity,d8,Insight,d8,Lady Luck,d8,Persuasion,d8,,,,,40,30,15,1,d8,d8,d6,,,,,,,,,,,false,premade,Enemy
marxman,Marxman,Specialized,Predator,Custom Sniper Rifle,d8,Intuition,d8,,,,,,,Ranged Combat,d12,Reactivated,d8,Stealth,d8,,,,,,,55,,,,,,,0-1 Engaged Opponents,d8,2-3 Engaged Opponents,d8,4+ Engaged Opponents,d6,,,,,false,premade,Enemy
mecha-stalin-1,Mecha-Stalin 1,Adaptive,Squad,Flamethrower,d8,Power Suit,d8,Presence,d6,Strength,d8,,,Close Combat,d8,Leadership,d8,Ranged Combat,d8,Means of Production,d8,,,,,40,,,,,,,0 Other Villains,d6,1-2 Other Villains,d8,3+ Other Villains,d8,,,,,false,premade,Enemy
mecha-stalin-2,Mecha-Stalin 2,Adaptive,Bruiser,Nuclear,d6,Power Suit,d8,Presence,d8,Strength,d8,,,Close Combat,d8,Conviction,d8,Leadership,d8,Soviet of Steel,d8,,,,,55,38,17,1,d6,d8,d8,,,,,,,,,,,false,premade,Enemy
miss-information,Miss Information,Overpowered,Inhibitor,Illusions,d8,Presence,d8,Transmutation,d8,,,,,Insight,d8,Persuasion,d6,Unhinged from Reality,d8,,,,,,,65,,,,,,,3+ Heroes with at least one Penalty,d8,1-2 Heroes with at least one Penalty,d8,0 Heroes with at least one Penalty,d6,,,,,false,premade,Enemy
myriad,Myriad,Creator,Overlord,Flight,d8,Insect Control,d8,Part Detachment,d8,Shapeshifting,d6,,,Alertness,d8,Banter,d8,Close Combat,d8,Imposing,d8,Swarm Master,d8,,,50,,,,,,,"Always (Overlord, stable at all thresholds)",d8,,,,,,,,,false,premade,Enemy
proletariat,Proletariat,Tactician,Legion,Awareness,d6,Sickle and Hammer,d8,Strength,d6,,,,,Close Combat,d8,Cold Warrior,d8,Conviction,d8,Self-Discipline,d6,Vitality,d8,,,35,,,,,,,9+ Clones,d8,5-8 Clones,d6,3-4 Clones,d8,1-2 Clones,d8,0 Clones,d12,false,premade,Enemy
ray-manta,Ray Manta,Underpowered,Inventor,Gadgets,d6,Inventions,d8,Lightning Calculator,d6,Power Suit,d6,,,Conspiracy Theorist,d8,Conviction,d8,Creativity,d6,Investigation,d8,,,,,40,,,,,,,4+ Mods,d12,2-3 Mods,d8,1 Mod,d8,0 Mods,d6,,,false,premade,Enemy
re-volt,Re-Volt,Focused,Guerrilla,Electricity,d12,Intangibility,d8,,,,,,,Living Lightning,d8,Ranged Combat,d8,Self-Discipline,d8,,,,,,,55,,,,,,,4+ Engaged Opponents,d8,2-3 Engaged Opponents,d8,0-1 Engaged Opponents,d6,,,,,false,premade,Enemy
screech,Screech,Disruptive,Inhibitor,Leaping,d8,Presence,d8,Sonic,d8,Vitality,d8,,,Banter,d8,Creativity,d8,Ranged Combat,d8,Screamo,d8,,,,,50,,,,,,,3+ Heroes with Penalties,d8,1-2 Heroes with Penalties,d8,0 Heroes with Penalties,d6,,,,,false,premade,Enemy
snare,Snare,Dampening,Inhibitor,Drum Throne,d8,Energy Shields,d8,Sonic,d8,,,,,Conviction,d8,Insight,d8,Magical Lore,d8,Percussionist,d8,,,,,55,,,,,,,3+ Heroes with Penalties,d8,1-2 Heroes with Penalties,d8,0 Heroes with Penalties,d6,,,,,false,premade,Enemy
desert-eagle,Desert Eagle,Relentless,Loner,Eagle Eye System,d8,Energy Bolt Launchers,d6,Flight,d8,,,,,Acrobatics,d8,Alertness,d6,Eye on the Prize,d8,Ranged Combat,d8,,,,,50,,,,,,,0 Other Villains,d8,1-2 Other Villains,d8,3+ Other Villains,d6,,,,,false,premade,Enemy
xxtz-hulissh,xxtz'Hulissh,Ancient,Titan,Cosmic,d8,Horror,d8,Presence,d8,Size Changing,d8,,,Conviction,d8,Imposing,d8,Otherworldly Mythos,d8,Magical Lore,d8,Unspeakable,d8,,,80,,,,,,,Unchallenged,d8,Expose a vulnerability (needs 2 successes),d8,Take advantage of the weakness (needs 1 success),d8,,,,,false,premade,Enemy
nightwalker,Nightwalker,Ninja,Guerrilla,,,,,,,,,,,,,,,,,,,,,,,85,,,,,,,4+ opponents,d10,2-3 opponents,d8,0-1 opponents,d6,,,,,true,custom,Enemy
baron-blade,Baron Blade,Mastermind,Inventor,Adaptive Mercurium Limb,d8,Intuition,d8,Inventions,d8,,,,,Conviction,d8,Finesse,d8,Leadership,d8,Ruler of Mordengrad,d8,Science,d8,Technology,d8,55,,,,,,,4+ inventions,d12,2-3 inventions,d8,1 invention,d6,0 inventions,d4,,,false,premade,Enemy
stunt-double,Stunt Double,Skilled,Loner,Deduction,d12,Awareness,d10,Agility,d8,,,,,Alertness,d10,Acrobatics,d10,Fitness,d8,Close Combat,d8,Banter,d8,The Fall Guy,d8,70,,,,,,,0 other villains,d10,1-2 other villains,d8,3+ other villains,d6,,,,,true,custom,Enemy
