n,slug,name,required_power,required_quality,offered,yellow_from_same_list,yellow_picks,green_picks,principle_category,next_die_1,next_die_2,next_die_3,flavor,notes
1,speedster,Speedster,Speed,,Agility; Intangibility; Lightning Calculator; Vitality; Select from Mobility powers category; Select from Mental qualities category; Select from Physical qualities category,,,,Expertise,d10,d10,,Sorrygottagobeintwelveplacesatonce...,"Incoming assign dice = previous step next_die_* (Power Source). This row only stores dice THIS archetype grants to Personality (glyphs), plus required power/quality and principle category."
2,shadow,Shadow,Stealth,,Intangibility; Invisibility; Signature Weaponry; Select from Athletic powers category; Select from Physical qualities category,,,,Expertise,d10,d10,,You operate in the shadows via subtlety and guile.,"Incoming assign dice = previous step next_die_* (Power Source). This row only stores dice THIS archetype grants to Personality (glyphs), plus required power/quality and principle category."
3,physical-powerhouse,Physical Powerhouse,Strength,,Density Control; Leaping; Signature Weaponry; Size-Changing; Select from Athletic powers category; Select from Physical qualities category; Select from Social qualities category,yes,1,2,Expertise,d10,d10,,You are the brute squad.,"Incoming assign dice = previous step next_die_* (Power Source). This row only stores dice THIS archetype grants to Personality (glyphs), plus required power/quality and principle category."
4,marksman,Marksman,Signature Weaponry,,Signature Vehicle; Swinging; Select from Athletic powers category; Select from Intellectual powers category; Select from Technological powers category; Select from Information qualities category; Select from Mental qualities category; Select from Physical qualities category,no,2,2,Responsibility,d10,d10,,"Whether it’s guns, a bow and arrow, or something else, you know your aim is true.","Incoming assign dice = previous step next_die_* (Power Source). This row only stores dice THIS archetype grants to Personality (glyphs), plus required power/quality and principle category."
5,blaster,Blaster,Elemental/Energy,,Signature Weaponry; Select from Elemental/Energy powers category; Select from Mobility powers category; Select from Technological powers category; Select from Mental qualities category; Select from Physical qualities category,no,2,2,Esoteric,d10,d10,,"No need to mess around, the best way to use energy is to throw it at the bad guy.","Incoming assign dice = previous step next_die_* (Power Source). This row only stores dice THIS archetype grants to Personality (glyphs), plus required power/quality and principle category."
6,close-quarters-combatant,Close Quarters Combatant,,Close Combat,Signature Weaponry; Select from Athletic powers category; Select from Mobility powers category; Select from Technological powers category; Select from Physical qualities category; Select from Social qualities category,yes,1,3,Responsibility,d10,d10,,You prefer to fight up close and personal.,"Incoming assign dice = previous step next_die_* (Power Source). This row only stores dice THIS archetype grants to Personality (glyphs), plus required power/quality and principle category."
7,armored,Armored,,,Signature Vehicle; Signature Weaponry; Select from Athletic powers category; Select from Intellectual powers category; Select from Materials powers category; Select from Mobility powers category; Select from Technological powers category; Select from Physical qualities category; Select from Social qualities category,,,,Expertise,d10,d10,,You are an indomitable and unstoppable force.,"Incoming assign dice = previous step next_die_* (Power Source). This row only stores dice THIS archetype grants to Personality (glyphs), plus required power/quality and principle category."
8,flyer,Flyer,Flight or Signature Vehicle,,Signature Vehicle; Signature Weaponry; Select from Athletic powers category; Select from Mobility powers category; Select from Technological powers category; Select from Information qualities category; Select from Physical qualities category,yes,1,2,Ideals,d10,d10,,The best way to support your team is from the air.,"Incoming assign dice = previous step next_die_* (Power Source). This row only stores dice THIS archetype grants to Personality (glyphs), plus required power/quality and principle category."
9,elemental-manipulator,Elemental Manipulator,Elemental/Energy,,Absorption; Flight; Leaping; Swimming; Signature Vehicle; Signature Weaponry; Transmutation; Select from Elemental/Energy powers category; Magical Lore; Science; Select from Mental qualities category; Select from Physical qualities category,,,,Esoteric,d10,d10,,"Energies are yours to command and flow, sometimes through your own body.","Incoming assign dice = previous step next_die_* (Power Source). This row only stores dice THIS archetype grants to Personality (glyphs), plus required power/quality and principle category."
10,robot-cyborg,Robot/Cyborg,,,Signature Vehicle; Signature Weaponry; Select from Athletic powers category; Select from Intellectual powers category; Select from Mobility powers category; Select from Self Control powers category; Select from Technological powers category; Select from Information qualities category; Select from Mental qualities category,yes,1,2,Expertise,d10,d10,,Your machine nature gives you adaptability and firepower.,"Incoming assign dice = previous step next_die_* (Power Source). This row only stores dice THIS archetype grants to Personality (glyphs), plus required power/quality and principle category."
11,sorcerer,Sorcerer,,,Select from Elemental/Energy powers category; Select from Materials powers category; Select from Mobility powers category; Select from Psychic powers category; Select from Self Control powers category; Select from Information qualities category; Select from Mental qualities category,,,,Esoteric,d10,d10,,,"Incoming assign dice = previous step next_die_* (Power Source). This row only stores dice THIS archetype grants to Personality (glyphs), plus required power/quality and principle category."
12,psychic,Psychic,any Psychic power,,Select from Intellectual powers category; Select from Materials powers category; Select from Psychic powers category; Select from Self Control powers category; Select from Information qualities category; Select from Mental qualities category,,,,Esoteric,d10,d10,,Mysterious mental abilities give you the ability to manifest a variety of powers with but a thought.,"Incoming assign dice = previous step next_die_* (Power Source). This row only stores dice THIS archetype grants to Personality (glyphs), plus required power/quality and principle category."
13,transporter,Transporter,any Mobility power or Signature Vehicle,,Signature Vehicle; Select from Athletic powers category; Select from Mobility powers category; Select from Psychic powers category; Select from Technological powers category; Select from Physical qualities category; Select from Social qualities category,yes,1,2,Expertise,d10,d10,,"You know how to get exactly where you need to be, when you need to be there.","Incoming assign dice = previous step next_die_* (Power Source). This row only stores dice THIS archetype grants to Personality (glyphs), plus required power/quality and principle category."
14,minion-maker,Minion-Maker,,,Duplication; Inventions; Part Detachment; Robotics; Select from Elemental/Energy powers category; Select from Materials powers category; Select from Information qualities category; Select from Mental qualities category,no,1,2,Expertise,d10,d10,,Who needs friends when you can just make them?,"Incoming assign dice = previous step next_die_* (Power Source). This row only stores dice THIS archetype grants to Personality (glyphs), plus required power/quality and principle category."
15,wild-card,Wild Card,,,Signature Vehicle; Signature Weaponry; Select from Athletic powers category; Select from Intellectual powers category; Select from Mobility powers category; Select from Self Control powers category; Select from Physical qualities category; Select from Social qualities category,,,,Ideals,d10,d10,,"not your allies, sometimes not even you.","Incoming assign dice = previous step next_die_* (Power Source). This row only stores dice THIS archetype grants to Personality (glyphs), plus required power/quality and principle category."
16,form-changer,Form-Changer,,,Select from Athletic powers category; Select from Mobility powers category; Select from Self Control powers category; Select from Technological powers category; Select from Information qualities category; Select from Physical qualities category,no,,,Esoteric,d10,d10,,You can shift yourself between a few different forms.,"Incoming assign dice = previous step next_die_* (Power Source). This row only stores dice THIS archetype grants to Personality (glyphs), plus required power/quality and principle category."
17,gadgeteer,Gadgeteer,Intellectual,,Signature Vehicle; Signature Weaponry; Intellectual category; Mobility category; Psychic category; Technological category; Information qualities; Mental qualities,no,1,2,Identity,d10,d10,,Choose an Identity principle. Roll for personality selection.,"Incoming assign dice = previous step next_die_* (Power Source). This row only stores dice THIS archetype grants to Personality (glyphs), plus required power/quality and principle category."
18,reality-shaper,Reality Shaper,,,Density Control; Intangibility; Invisibility; Speed; Teleportation; Transmutation; Intellectual category; Psychic category; Technological category; Information qualities; Mental qualities,no,1,2,Expertise,d10,d10,,Choose an Expertise principle. Roll for personality selection.,"Incoming assign dice = previous step next_die_* (Power Source). This row only stores dice THIS archetype grants to Personality (glyphs), plus required power/quality and principle category."
19,divided,Divided,,,Choose another archetype (not Divided/Modular); pick one transition method; pick Divided Psyche or Split Form; Responsibility principle,no,,,Responsibility,d10,d10,,"Divided heroes have two forms: one civilian, one heroic, with some method to change between them. **Reroll the dice** you rolled at the end of the [[Index_and_Glossary#Power Source|Power Source]] step and choose **another archetype** other than Divided or Modular. Your full archetype becomes **""Divided [whatever you chose].""** Follow all steps of that archetype, but when told to select a principle from it, return to this entry to complete this section instead. Consider notes on your auxiliary sheet for how your divided form works.","Incoming assign dice = previous step next_die_* (Power Source). This row only stores dice THIS archetype grants to Personality (glyphs), plus required power/quality and principle category."
20,modular,Modular,,,Choose another archetype to modularize; skip its abilities; use Modular mode abilities instead,no,,,,d10,d10,,"Modular heroes have multiple **modes** defined during this process. First, **choose another archetype** — either another option from the dice you rolled for [[Index_and_Glossary#Archetype|Archetype]], or reroll and choose your base archetype, which becomes ""modularized."" Assign powers/qualities as listed in that archetype, but **skip gaining abilities from it** — come back here instead. If you have fewer than four powers, add one or two d6 powers of your choice until you have four.","Incoming assign dice = previous step next_die_* (Power Source). This row only stores dice THIS archetype grants to Personality (glyphs), plus required power/quality and principle category."
