n,slug,name,page,assign_dice_count,required_quality,assign_die_1,assign_die_2,assign_die_3,qualities_offered,principle_category,next_die_1,next_die_2,next_die_3,flavor,notes
1,upper-class,Upper Class,49,2,,d10,d8,,"Fitness, Persuasion, any Mental",Responsibility,d10,d8,d8,You were born in the upper echelons of high society. Likely you're also pretty darn rich.,Pool A = assign_die_* (onto qualities_offered). Pool B = next_die_* (to Power Source). Both are glyphs — type d4/d6/d8/d10/d12 from the book. Leave unused die slots blank.
2,blank-slate,Blank Slate,49,2,,d10,d8,,Any Mental or Physical,Identity,d10,d8,d8,"You remember nothing. Were you brainwashed? Maybe you were just created? One way or another, you have no history. You start now. Your future is what you make of it.",Pool A = assign_die_* (onto qualities_offered). Pool B = next_die_* (to Power Source). Both are glyphs — type d4/d6/d8/d10/d12 from the book. Leave unused die slots blank.
3,struggling,Struggling,50,3,,d8,d6,d6,"Banter, Criminal Underworld Info, any Physical",Responsibility,d8,d8,d6,"You've been down and out. Perhaps you've recovered a bit, but you also might still be stuck in a terrible situation. Low on resources and luck, you did your best, but it often just wasn't good enough.",Pool A = assign_die_* (onto qualities_offered). Pool B = next_die_* (to Power Source). Both are glyphs — type d4/d6/d8/d10/d12 from the book. Leave unused die slots blank.
4,adventurer,Adventurer,50,2,,d10,d8,,"History, Leadership, any Physical",Expertise,d8,d8,d8,"In your past, you have sought excitement and adventure at every turn. Even before you were a hero, you were a thrill seeker.",Pool A = assign_die_* (onto qualities_offered). Pool B = next_die_* (to Power Source). Both are glyphs — type d4/d6/d8/d10/d12 from the book. Leave unused die slots blank.
5,unremarkable,Unremarkable,50,2,,d10,d8,,"Close Combat, any Mental or Social",Identity,d10,d8,d6,"You were just a regular person, leading a normal life, until something came along and changed your life in a major way. You came from a commonplace background, but now you're a hero.",Pool A = assign_die_* (onto qualities_offered). Pool B = next_die_* (to Power Source). Both are glyphs — type d4/d6/d8/d10/d12 from the book. Leave unused die slots blank.
6,law-enforcement,Law Enforcement,50,2,,d10,d8,,"Close Combat, Criminal Underworld Info, Ranged Combat, any Mental or Social",Responsibility,d10,d8,d6,"You're a member of law enforcement, such as a beat cop, detective, or perhaps a lawyer or judge. You made a career of the law at one point. Perhaps you still do.",Pool A = assign_die_* (onto qualities_offered). Pool B = next_die_* (to Power Source). Both are glyphs — type d4/d6/d8/d10/d12 from the book. Leave unused die slots blank.
7,academic,Academic,51,2,,d12,d8,,"Leadership, Self-Discipline, any Information",Expertise,d10,d8,,"You work or study in a field of knowledge. You could be a school teacher, professor, researcher, or clergy member. The pursuit of knowledge is very important to you, and possibly what led you to become a hero.",Pool A = assign_die_* (onto qualities_offered). Pool B = next_die_* (to Power Source). Both are glyphs — type d4/d6/d8/d10/d12 from the book. Leave unused die slots blank.
8,tragic,Tragic,51,2,,d10,d8,,"Banter, Close Combat, Imposing, any Mental",Ideals,d10,d10,d6,"Your history is eclipsed by a major negative event that shaped the rest of your life. You struggle to overcome the memory of the tragic event, be it the loss of a loved one or something that happened to you directly. Either way, the tragedy both fuels and haunts you.",Pool A = assign_die_* (onto qualities_offered). Pool B = next_die_* (to Power Source). Both are glyphs — type d4/d6/d8/d10/d12 from the book. Leave unused die slots blank.
9,performer,Performer,51,2,,d10,d8,,"Acrobatics, Creativity, Finesse, any Social",Responsibility,d10,d8,d6,"You were born for the stage. How you present yourself to the world is important to you, whether in or out of the limelight.",Pool A = assign_die_* (onto qualities_offered). Pool B = next_die_* (to Power Source). Both are glyphs — type d4/d6/d8/d10/d12 from the book. Leave unused die slots blank.
10,military,Military,52,2,,d10,d8,,"Leadership, Self-Discipline, any Physical",Ideals,d10,d8,d8,"You have some sort of combat training, possibly as part of an organized armed forces. You might have even had combat experience before you became a hero.",Pool A = assign_die_* (onto qualities_offered). Pool B = next_die_* (to Power Source). Both are glyphs — type d4/d6/d8/d10/d12 from the book. Leave unused die slots blank.
11,retired,Retired,52,2,,d10,d10,,Any Information or Social,Identity,d12,d6,d6,"You used to wear the cape and cowl, but hung them up long ago. Now, something has changed, making you feel compelled to once again take up the fight for what is right. You never thought you would be here again.",Pool A = assign_die_* (onto qualities_offered). Pool B = next_die_* (to Power Source). Both are glyphs — type d4/d6/d8/d10/d12 from the book. Leave unused die slots blank.
12,criminal,Criminal,52,2,,d10,d8,,"Criminal Underworld Info, Imposing, any Physical",Expertise,d8,d8,d8,"You spent too much time on the wrong side of the law, but something changed for you. Now you've turned over a new leaf, using your powers and abilities to be the best hero you can.",Pool A = assign_die_* (onto qualities_offered). Pool B = next_die_* (to Power Source). Both are glyphs — type d4/d6/d8/d10/d12 from the book. Leave unused die slots blank.
13,medical,Medical,52,3,Medicine,d10,d8,d6,"Finesse, Science, Technology, any Mental",Expertise,d10,d8,d8,"You were in the business of healing, as a doctor or nurse or maybe even a veterinarian. Given your medical background, you have a lot of experience with treating injuries and diseases.",Pool A = assign_die_* (onto qualities_offered). Pool B = next_die_* (to Power Source). Both are glyphs — type d4/d6/d8/d10/d12 from the book. Leave unused die slots blank.
14,anachronistic,Anachronistic,53,2,,d10,d8,,"History, Magical Lore, Technology, any Physical",Esoteric,d10,d8,d6,"One way or another, you aren't quite in your time. You could be a stranded time traveler, or just a person who fits more with the ideals and customs of a time long before or after the one in which you currently reside. Either way, though this time is not your own, you still fight to protect it.",Pool A = assign_die_* (onto qualities_offered). Pool B = next_die_* (to Power Source). Both are glyphs — type d4/d6/d8/d10/d12 from the book. Leave unused die slots blank.
15,exile,Exile,53,2,,d10,d8,,"Conviction, Insight, any Information",Ideals,d8,d8,d8,"You're far from your home, one way or another. You may have left of your own accord, but it's equally likely that you were sent away from whatever place you came from. Either way, you're making your own way in the land where you now live.",Pool A = assign_die_* (onto qualities_offered). Pool B = next_die_* (to Power Source). Both are glyphs — type d4/d6/d8/d10/d12 from the book. Leave unused die slots blank.
16,former-villain,Former Villain,53,2,,d10,d8,,"Conviction, any Information or Social",Expertise,d10,d8,d8,"You used to be a foe to the heroes, but you’ve changed your stripes. You may have realized the evil of your former ways, or your motivation might have changed to ally you with those you once fought. Either way, you are now a hero, though many other heroes are hesitant to trust you.",Pool A = assign_die_* (onto qualities_offered). Pool B = next_die_* (to Power Source). Both are glyphs — type d4/d6/d8/d10/d12 from the book. Leave unused die slots blank.
17,interstellar,Interstellar,53,2,,d12,d6,,Any Information or Mental,Esoteric,d10,d8,d6,"You come from beyond the stars! As a newcomer to planet Earth, you may be unaware of strange customs here, but you can still communicate with Earthlings, one way or another. You might be an alien, or a human from a civilization lost in space long ago, or something else entirely.",Pool A = assign_die_* (onto qualities_offered). Pool B = next_die_* (to Power Source). Both are glyphs — type d4/d6/d8/d10/d12 from the book. Leave unused die slots blank.
18,dynasty,Dynasty,54,2,,d10,d10,,"Close Combat, Fitness, History, any Social",Ideals,d8,d8,d6,"You come from a line of heroes. It could be that your parents and their parents have all been heroes. Maybe you're adopted into a hero family. Regardless of how you came to be a part of this dynasty, heroism is part of your life.",Pool A = assign_die_* (onto qualities_offered). Pool B = next_die_* (to Power Source). Both are glyphs — type d4/d6/d8/d10/d12 from the book. Leave unused die slots blank.
19,otherworldly,Otherworldly,54,2,,d10,d8,,"Magical Lore, Otherworldly Mythos, any Mental",Esoteric,d10,d6,d6,"You have at least a little of the uncanny in you. You could be a fully supernatural creature, or perhaps the spawn of one and a human.",Pool A = assign_die_* (onto qualities_offered). Pool B = next_die_* (to Power Source). Both are glyphs — type d4/d6/d8/d10/d12 from the book. Leave unused die slots blank.
20,created,Created,54,2,,d12,d6,,"Alertness, Science, Technology, any Physical",Expertise,d10,d10,d6,"Were you built to be the hero you are today? Perhaps. But it's undeniable that you were created by someone or something. As a constructed being, you don't have the same experiences or expectations as similar organic creatures, but you still feel drawn to the role of hero.",Pool A = assign_die_* (onto qualities_offered). Pool B = next_die_* (to Power Source). Both are glyphs — type d4/d6/d8/d10/d12 from the book. Leave unused die slots blank.
