max_health,green_high,green_low,yellow_high,yellow_low,red_high,red_low
40,40,30,29,15,14,1
39,39,30,29,15,14,1
38,38,29,28,14,13,1
37,37,29,28,14,13,1
36,36,28,27,14,13,1
35,35,27,26,13,12,1
34,34,26,25,13,12,1
33,33,26,25,13,12,1
32,32,25,24,12,11,1
31,31,24,23,12,11,1
30,30,23,22,12,11,1
29,29,23,22,11,10,1
28,28,22,21,11,10,1
27,27,21,20,11,10,1
26,26,21,20,10,9,1
25,25,20,19,10,9,1
24,24,19,18,10,9,1
23,23,19,18,9,8,1
22,22,18,17,9,8,1
21,21,17,16,9,8,1
20,20,16,15,8,7,1
19,19,15,14,8,7,1
18,18,15,14,8,7,1
17,17,14,13,7,6,1
