slug,source_slug,zone,name,type,game_text,roll_type,die_source
accident-area-alteration,accident,Yellow,Area Alteration,A,[Boost or Hinder] any number of nearby targets using [power]. Use your Max die.,Boost,
accident-inflict,accident,Yellow,Inflict,A,Attack using [power]. Hinder that same target using your Min die.,Attack,
accident-reflexive-burst,accident,Yellow,Reflexive Burst,R,"When your personal zone changes, Attack all close enemy targets by rolling your single [power] die.",Attack,
accident-ambush-awareness,accident,Green,Ambush Awareness,R,"If you haven’t yet acted in an action scene, you may Defend against an Attack by rolling your single [power] die.",Attack,
accident-change-in-circumstance,accident,Green,Change in Circumstance,R,"When you change personal zones, you may Boost by rolling your single [power] die.",Boost,
accident-immunity,accident,Green,Immunity,I,You do not take damage from [energy/element].,,
training-always-be-prepared,training,Yellow,Always Be Prepared,A,"Boost yourself using [power].  That bonus is persistent and exclusive. Then, Attack using your Min die. You may use the bonus you just created on that Attack.",Attack,
training-reactive-field,training,Yellow,Reactive Field,R,"When you are attacked by a nearby enemy, the attacker also takes an equal amount of damage.",Attack,
training-flowing-fight,training,Yellow,Flowing Fight,A,Attack using [power]. Use your Mid die to Attack one extra target for each bonus you have. Apply a different bonus to each Attack.,Attack,
genetic-danger-sense,genetic,Yellow,Danger Sense,R,"When damaged by an environment target or a surprise Attack, Defend by rolling your single [power] die.",Attack,
genetic-adaptive,genetic,Yellow,Adaptive,A,"Boost yourself using [power], then either remove a penalty on yourself or Recover using your Min die.",Boost,
genetic-area-assault,genetic,Yellow,Area Assault,A,"Attack multiple targets using [power], using your Min die against each.",Attack,
genetic-growth,genetic,Green,Growth,A,Boost yourself using [quality]. That bonus is persistent and exclusive.,Boost,
genetic-rally,genetic,Green,Rally,A,Attack using [quality]. Other nearby heroes in the Yellow or Red zone Recover equal to your Min die.,Attack,
experimentation-personal-upgrade,experimentation,Yellow,Personal Upgrade,A,Boost yourself using [power]. Use your Max die. That bonus is persistent and exclusive.,Boost,
experimentation-misdirection,experimentation,Yellow,Misdirection,R,"When a nearby hero in the Yellow or Red zone would take damage, Defend against that damage by rolling your single [power] die, then redirect any remaining damage to a nearby minion of your choice.",Defend,
experimentation-throw-minion,experimentation,Yellow,Throw Minion,A,Attack a minion using [power] The result of the minion’s save Attacks another target of your choice.,Attack,
experimentation-overpower,experimentation,Green,Overpower,I,"Whenever you are Boosted, increase that bonus by +1. Then, if that bonus is +5 or higher, take damage equal to that bonus and remove it.",Boost,
experimentation-unflagging,experimentation,Green,Unflagging,I,"At the start of your turn, remove a penalty on yourself.",,
mystical-modification-wave,mystical,Yellow,Modification Wave,A,"Boost or Hinder using [power], and apply that mod to multiple nearby targets.",Boost,
mystical-mystic-redirection,mystical,Yellow,Mystic Redirection,R,"When another hero in the Yellow or Red zone would take damage, you may redirect it to yourself and Defend against it by rolling your single [power] die.",Defend,
mystical-sever-link,mystical,Yellow,Sever Link,A,Overcome an environmental challenge using [power]. Use your Max die. Either remove any penalty in the scene or Boost equal to your Mid die.,Overcome,
nature-call-to-the-wild,nature,Yellow,Call to the Wild,A,"Gain a d8 minion. It takes its turn before yours, but goes away at the end of the scene. You may only have one such minion at a time.",,
nature-predator-s-eye,nature,Yellow,Predator’s Eye,A,Attack using [power]. Use your Max+Min dice. Then gain a Boost using your Mid die. The target of the Attack gains a bonus of the same size.,Attack,
nature-wild-strength,nature,Yellow,Wild Strength,R,"When you defeat a minion, roll that minion’s die and Boost yourself using that roll to create a bonus for your next action.",Boost,
nature-grasping-vines,nature,Green,Grasping Vines,A,Hinder using [power]. Use your Max die. You may split that penalty across multiple nearby targets.,Hinder,
nature-natural-weapon,nature,Green,Natural Weapon,A,Attack using [power]. Use your Max die.,Attack,
relic-harvest-life-force,relic,Yellow,Harvest Life Force,A,"Attack using [power]. Use your Min die. Take damage equal to your Mid die, and one nearby ally Recovers Health equal to your Max die.",Attack,
relic-magical-shield,relic,Yellow,Magical Shield,R,"When another hero in the Yellow or Red zone would take damage, you may Defend them by rolling your single [power] die.",Defend,
relic-momentary-power,relic,Yellow,Momentary Power,A,Boost yourself using [power]. Use your Max die. Hinder a nearby opponent with your Min die.,Boost,
relic-relic-drain,relic,Yellow,Relic Drain,A,Hinder using [power]. Also Recover Health equal to your Min die.,Hinder,
relic-draw-power,relic,Green,Draw Power,A,Boost yourself using [power]. That bonus is persistent and exclusive.,Boost,
relic-punishment,relic,Green,Punishment,I,"Whenever you Attack an enemy that has inflicted a penalty on you, treat that penalty as if it were a bonus for the purpose of that Attack.",Attack,
powered-suit-energy-converter,powered-suit,Yellow,Energy Converter,R,"When you take damage from [element/energy], treat the amount of damage you take as a Boost action for yourself.",Boost,
powered-suit-explosive-attack,powered-suit,Yellow,Explosive Attack,A,"Attack up to three different targets using [power]. Apply your Max die to one, your Mid die to another, and your Min die to the third. If you roll doubles, take a minor twist or take irreducible damage equal to that die.",Attack,
powered-suit-onboard-upgrade,powered-suit,Yellow,Onboard Upgrade,A,Boost yourself using Power Suit. Use your Min+Mid dice. That bonus is persistent and exclusive.,Boost,
powered-suit-damage-reduction,powered-suit,Green,Damage Reduction,I,"Reduce [physical or energy] damage you take by 1 while you are in the Green zone, 2 while in the Yellow zone, and 3 while in the Red zone.",,
powered-suit-diagnostic-subroutine,powered-suit,Green,Diagnostic Subroutine,I,"Whenever your status changes due to a change in your current Health, you may remove a penalty on yourself.",,
radiation-radioactive-recharge,radiation,Yellow,Radioactive Recharge,A,"Boost yourself using [power]. Then, either remove a penalty on yourself or Recover using your Min die.",Boost,
radiation-unstable-reaction,radiation,Yellow,Unstable Reaction,R,"After rolling during your turn, you may take 1 irreducible damage to reroll your entire dice pool.",,
radiation-wither,radiation,Yellow,Wither,A,Attack using [power]. Hinder that target using your Max die.,Attack,
radiation-charged-up,radiation,Green,Charged Up,I,"Whenever you roll a 1 on one or more dice, you may reroll those dice. You must accept the result of the reroll.",,
radiation-dangerous-lash,radiation,Green,Dangerous Lash,A,"Attack multiple targets using [power], applying your Min die to each. If you roll doubles, also attack an ally using your Mid die.",Attack,
radiation-radioactive-aura,radiation,Green,Radioactive Aura,R,"When a new target enters the scene close to you, you may Attack it by rolling your single [power] die.",Attack,
tech-upgrades-energy-burst,tech-upgrades,Yellow,Energy Burst,A,"Attack multiple targets using [power], using your Min die against each.",Attack,
tech-upgrades-recharge,tech-upgrades,Yellow,Recharge,A,"Boost yourself using [power]. Then, either remove a penalty on yourself or Recover using your Min die.",Boost,
tech-upgrades-tactical-analysis,tech-upgrades,Yellow,Tactical Analysis,R,"When Attacked, treat the amount of damage you take as a Boost action for yourself.",Boost,
tech-upgrades-indiscriminate-fabrication,tech-upgrades,Green,Indiscriminate Fabrication,A,"Boost using [power], assigning your Min, Mid, and Max dice to 3 different bonuses, one of which must be given to an enemy.",Boost,
tech-upgrades-organi-hack,tech-upgrades,Green,Organi-Hack,A,Attack a target using [power]. Hinder that target with your Min die.,Attack,
supernatural-area-healing,supernatural,Yellow,Area Healing,A,Boost an ally using [power]. You and nearby heroes in the Yellow and Red zones Recover Health equal to your Min die.,Boost,
supernatural-mass-modification,supernatural,Yellow,Mass Modification,A,"Boost or Hinder using [power], and apply that mod to multiple close targets.",Boost,
supernatural-personal-upgrade,supernatural,Yellow,Personal Upgrade,A,Boost yourself using [power]. Use your Max die. That bonus is persistent and exclusive.,Boost,
supernatural-reach-through-veil,supernatural,Yellow,Reach through Veil,R,"When a nearby ally would take damage, Defend that ally by rolling your single status die, and move them elsewhere in the same scene.",Defend,
artificial-being-created-immunity,artificial-being,Yellow,Created Immunity,I,"When you would take damage from [element/energy], you may Recover that amount of Health instead.",Recover,
artificial-being-multiple-assault,artificial-being,Yellow,Multiple Assault,A,"Attack using [power] against multiple targets, using your Min die against each.",Attack,
artificial-being-recalculating,artificial-being,Yellow,Recalculating...,R,"After rolling during your turn, you may take 1 irreducible damage to reroll your entire dice pool.",,
artificial-being-created-form,artificial-being,Green,Created Form,I,"Reduce physical damage to yourself by 1 while you are in the Green zone, 2 while in the Yellow zone, and 3 while in the Red zone.",,
artificial-being-intentionality,artificial-being,Green,Intentionality,I,"Whenever you roll a 1 on one or more dice, you may reroll those dice. You must accept the result of the reroll.",,
cursed-attunement,cursed,Yellow,Attunement,I,"When you would take damage from [element/energy], you may Recover that amount of Health instead.",Recover,
cursed-costly-strength,cursed,Yellow,Costly Strength,A,Boost all nearby allies using [power]. Use your Max+Mid dice. Hinder yourself with your Min die.,Boost,
cursed-cursed-resolve,cursed,Yellow,Cursed Resolve,A,"Boost yourself using [power]. Then, either remove a penalty on yourself or Recover using your Min die.",Boost,
cursed-double-edged-luck,cursed,Green,Double Edged Luck,I,"Whenever you roll a 1 on one or more dice, you may reroll those dice. You must accept the result of the reroll.",,
cursed-extremes,cursed,Green,Extremes,I,"Whenever you roll a die’s max value, treat that value as 1 higher. When you roll a 1 on a die, treat that die as if it had rolled a 0.",,
alien-alien-boost,alien,Yellow,Alien Boost,A,Boost all nearby allies using [power]. Use your Max+Mid dice. Hinder yourself with your Min die.,Boost,
alien-empower-and-repair,alien,Yellow,Empower and Repair,A,"Boost, Hinder, Defend, or Attack using [power]. You and all nearby heroes in the Yellow or Red zone Recover Health equal to your Min die.",Attack,
alien-halt,alien,Yellow,Halt,R,"When you are Attacked at close range, Defend yourself by rolling your single [power] die.",Defend,
genius-a-plan-for-everything,genius,Yellow,A Plan For Everything,R,"When you are attacked, first roll your single [power] die. Defend yourself with that roll. Then, Boost yourself using that roll.",Defend,
genius-expanded-mind,genius,Yellow,Expanded Mind,A,Boost yourself using [power]. Use your Max die. That bonus is persistent and exclusive. Then Attack using your Min die.,Attack,
genius-overwhelming-vision,genius,Yellow,Overwhelming Vision,A,"Attack using [power]. Then, if the target of the Attack survived, also Attack that target with your Max die. Otherwise, Recover an amount of Health equal to your Min die.",Attack,
cosmos-cosmic-ray-absorption,cosmos,Yellow,Cosmic Ray Absorption,I,"If you would take damage from [element/energy you have a related power for], instead reduce that damage to 0 and Recover that amount of Health.",Recover,
cosmos-encourage,cosmos,Yellow,Encourage,A,Attack using [power]. Boost all nearby heroes taking Attack or Overcome actions using your Min die until your next turn.,Attack,
cosmos-mass-effect,cosmos,Yellow,Mass Effect,A,Boost or Hinder using [power] and apply that mod to multiple close targets.,Boost,
extradimensional-absorb-essence,extradimensional,Yellow,Absorb Essence,R,"When you defeat a minion, roll that minion’s die and Boost yourself using that roll.",Boost,
extradimensional-aura-of-pain,extradimensional,Yellow,Aura of Pain,A,"Attack multiple targets using [power]. Then, take irreducible damage equal to the number of targets hit.",Attack,
extradimensional-bizarre-strike,extradimensional,Yellow,Bizarre Strike,A,Attack using [power]. Use your Max die. Hinder that target with your Mid die. Hinder yourself with your Min die.,Attack,
extradimensional-attune,extradimensional,Green,Attune,A,Boost yourself using [power]. That bonus is persistent and exclusive. Damage dealt using that bonus is all [energy/element].,Boost,
extradimensional-extrasensory-awareness,extradimensional,Green,Extrasensory Awareness,R,"When you would take damage that would change your zone, Defend against that damage by rolling your single [quality] die.",Defend,
unknown-brainstorm,unknown,Yellow,Brainstorm,A,"Attack using [power]. Hit one target using your Min die, another target with your Mid die, and Boost using your Max die.",Attack,
unknown-strange-enhancement,unknown,Yellow,Strange Enhancement,A,Boost all nearby allies using [power] using your Max+Mid dice. Hinder yourself with your Min die.,Boost,
unknown-volatile-creations,unknown,Yellow,Volatile Creations,R,"When one of your bonuses, penalties, or other creation of your powers is destroyed, deal a target damage equal to the roll of your [power] die.",,
higher-power-command-power,higher-power,Yellow,Command Power,R,"When you take damage from [elemental/energy], you may deal that much damage to another target.",,
higher-power-dangerous-explosion,higher-power,Yellow,Dangerous Explosion,A,Attack multiple targets using [power]. Use your Mid die. Hinder all targets damaged by this ability with your Min die. Hinder yourself with your Max die.,Attack,
higher-power-embolden,higher-power,Yellow,Embolden,A,"Attack using [power], and Boost all nearby heroes taking [choose two basic actions] using your Min die until your next turn.",Attack,
higher-power-resolve,higher-power,Yellow,Resolve,A,"Boost yourself using [power], then remove a penalty on yourself or Recover using your Min die.",Boost,
higher-power-resilience,higher-power,Green,Resilience,I,"At the start of your turn, remove any -1 penalties on you.",,
higher-power-twist-reality,higher-power,Green,Twist Reality,R,"After rolling during your turn, you may take 1 irreducible damage to reroll your entire dice pool.",,
the-multiverse-power-from-beyond,the-multiverse,Yellow,Power From Beyond,A,"Boost yourself using [power]. Use your Max die. That bonus is persistent and exclusive. Then, Attack using your Min die.",Attack,
the-multiverse-respond-in-kind,the-multiverse,Yellow,Respond In Kind,R,"When you are hit with an Attack at close range, the attacker also takes damage equal to their effect die.",Attack,
the-multiverse-dread-pallor,the-multiverse,Yellow,Dread Pallor,A,Hinder multiple targets using [power]. Use your Mid die for one and your Min die for the rest.,Hinder,
the-multiverse-reality-scorned,the-multiverse,Yellow,Reality Scorned,A,"Attack using [power]. If your target survived, Hinder them using your Max die.",Attack,
tech-upgrades-techno-absorb,tech-upgrades,Yellow,Techno-Absorb,I,"When you would take damage from [element/energy], you may Recover that amount of Health instead.",,
