n,slug,name,required_power,powers_offered,next_die_1,next_die_2,next_die_3,flavor,notes,green_picks,yellow_picks,yellow_distinct_powers,green_instead
1,accident,Accident,,Select from Athletic powers category; Select from Elemental/Energy powers category; Select from Intellectual powers category; Select from Materials powers category; Select from Psychic powers category; Select from Self Control powers category,d12,d6,,An external source caused you to manifest powers or perhaps the cure for an accident caused it.,Incoming assign dice = previous step next_die_* (Background). This row only stores dice THIS source grants to Archetype (glyphs). Type from the book.,1,2,yes,
2,training,Training,,Gadgets; Signature Vehicle; Signature Weaponry; Select from Athletic powers category; Select from Intellectual powers category,d10,d8,d8,"The source of your powers is the result of your hard work, dedication, and long hours.",Incoming assign dice = previous step next_die_* (Background). This row only stores dice THIS source grants to Archetype (glyphs). Type from the book.,0,2,yes,No Green. Instead: extra quality from the Archetype list at the next step.
3,genetic,Genetic,,Agility; Flight; Signature Weaponry; Strength; Vitality; Select from Intellectual powers category; Select from Psychic powers category,d10,d8,d8,Mutations in your DNA have caused you to develop unusual abilities.,Incoming assign dice = previous step next_die_* (Background). This row only stores dice THIS source grants to Archetype (glyphs). Type from the book.,1,2,yes,
4,experimentation,Experimentation,,Signature Weaponry; Select from Athletic powers category; Select from Elemental/Energy powers category; Select from Intellectual powers category; Select from Mobility powers category; Select from Self Control powers category,d8,d8,d8,Your powers were created in a lab and had some unexpected side effects.,Incoming assign dice = previous step next_die_* (Background). This row only stores dice THIS source grants to Archetype (glyphs). Type from the book.,1,2,yes,
5,mystical,Mystical,,Awareness; Flight; Presence; Signature Weaponry; Teleportation; Select from Elemental/Energy powers category; Select from Materials powers category; Select from Psychic powers category; Select from Self Control powers category,d10,d8,d8,Your magical training or alteration by magic gives you your powers.,Incoming assign dice = previous step next_die_* (Background). This row only stores dice THIS source grants to Archetype (glyphs). Type from the book.,0,2,yes,No Green. Instead: gain an Information quality.
6,nature,Nature,,Animal Control; Cold; Electricity; Fire; Flight; Leaping; Shapeshifting; Swimming; Swinging; Wall-Crawling; Weather; Select from Athletic powers category; Select from Materials powers category,d10,d8,d8,The power of nature flows through you.,Incoming assign dice = previous step next_die_* (Background). This row only stores dice THIS source grants to Archetype (glyphs). Type from the book.,1,2,yes,
7,relic,Relic,,Awareness; Intuition; Signature Vehicle; Signature Weaponry; Select from Elemental/Energy powers category; Select from Materials powers category; Select from Mobility powers category; Select from Psychic powers category; Select from Self Control powers category,d10,d10,d6,An object (or collection of objects) of mystical significance either grants you powers or altered you to give you powers.,Incoming assign dice = previous step next_die_* (Background). This row only stores dice THIS source grants to Archetype (glyphs). Type from the book.,1,2,yes,
8,powered-suit,Powered Suit,Power Suit,Awareness; Cold; Elasticity; Electricity; Fire; Lightning Calculator; Nuclear; Part Detachment; Signature Vehicle; Signature Weaponry; Select from Athletic powers category; Select from Mobility powers category,d10,d6,d6,"An engineered suit provides you with your powers, and may even be important to keeping you alive.",Incoming assign dice = previous step next_die_* (Background). This row only stores dice THIS source grants to Archetype (glyphs). Type from the book.,1,2,yes,
9,radiation,Radiation,,Nuclear; Signature Vehicle; Signature Weaponry; Select from Athletic powers category; Select from Self Control powers category; Select from Technological powers category,d10,d8,d6,Exposure to radiation has charged your system and given you new abilities.,Incoming assign dice = previous step next_die_* (Background). This row only stores dice THIS source grants to Archetype (glyphs). Type from the book.,1,2,yes,
10,tech-upgrades,Tech Upgrades,,Signature Vehicle; Signature Weaponry; Select from Athletic powers category; Select from Elemental/Energy powers category; Select from Intellectual powers category; Select from Mobility powers category; Select from Technological powers category,d10,d8,d8,You have technological upgrades and implants that give you your powers.,Incoming assign dice = previous step next_die_* (Background). This row only stores dice THIS source grants to Archetype (glyphs). Type from the book.,1,2,yes,
11,supernatural,Supernatural,,Awareness; Cold; Electricity; Fire; Infernal; Plants; Presence; Radiant; Strength; Transmutation; Vitality; Weather; Select from Mobility powers category; Select from Psychic powers category; Select from Self Control powers category,d10,d10,d6,"In some way, you have pierced the veil of life and reality and brought back power.",Incoming assign dice = previous step next_die_* (Background). This row only stores dice THIS source grants to Archetype (glyphs). Type from the book.,0,2,yes,No Green. Instead: gain one power not on this source’s list.
12,artificial-being,Artificial Being,,Inventions; Robotics; Signature Vehicle; Signature Weaponry; Select from Athletic powers category; Select from Elemental/Energy powers category; Select from Intellectual powers category; Select from Mobility powers category; Select from Self Control powers category,d10,d8,d8,"You were created, not born, and your abilities simply stem from your makeup.",Incoming assign dice = previous step next_die_* (Background). This row only stores dice THIS source grants to Archetype (glyphs). Type from the book.,1,2,yes,
13,cursed,Cursed,,Signature Weaponry; Select from Athletic powers category; Select from Elemental/Energy powers category; Select from Materials powers category; Select from Self Control powers category,d12,d6,,"A supernatural curse has been inflicted upon you or your family line, granting both boons and banes.",Incoming assign dice = previous step next_die_* (Background). This row only stores dice THIS source grants to Archetype (glyphs). Type from the book.,1,2,yes,
14,alien,Alien,,Signature Vehicle; Signature Weaponry; Select from Athletic powers category; Select from Elemental/Energy powers category; Select from Intellectual powers category; Select from Mobility powers category; Select from Psychic powers category; Select from Technological powers category,d8,d8,d8,"You are not from earth, though your powers might not be all that unusual where you come from. Or you've been granted abilities by an extraterrestrial source.",Incoming assign dice = previous step next_die_* (Background). This row only stores dice THIS source grants to Archetype (glyphs). Type from the book.,0,2,yes,No Green. Instead: upgrade one power or quality one size (or add a new power from this list if none qualify).
15,genius,Genius,,Inventions; Robotics; Signature Vehicle; Signature Weaponry; Select from Intellectual powers category,d10,d6,d6,The source of your powers is your brilliant mind. You have put your staggering intellect to the task of fighting crime.,Incoming assign dice = previous step next_die_* (Background). This row only stores dice THIS source grants to Archetype (glyphs). Type from the book.,0,2,yes,No Green. Instead: extra quality from Information or Mental.
16,cosmos,Cosmos,,Cosmic; Intuition; Signature Vehicle; Signature Weaponry; Select from Mobility powers category; Select from Psychic powers category; Select from Self Control powers category; Select from Technological powers category,d10,d8,d8,Exposure to forces from beyond the stars have changed you.,Incoming assign dice = previous step next_die_* (Background). This row only stores dice THIS source grants to Archetype (glyphs). Type from the book.,0,2,yes,No Green. Instead: downgrade one power/quality one size and upgrade a different one one size.
17,extradimensional,Extradimensional,,Cosmic; Duplication; Infernal; Intangibility; Invisibility; Radiant; Signature Vehicle; Signature Weaponry; Transmutation; Teleportation; Select from Intellectual powers category; Select from Psychic powers category,d12,d6,,Exposure to side dimensions like the Realm of Discord has left its mark on you.,Incoming assign dice = previous step next_die_* (Background). This row only stores dice THIS source grants to Archetype (glyphs). Type from the book.,1,2,yes,
18,unknown,Unknown,,Select from Elemental/Energy powers category; Select from Intellectual powers category; Select from Materials powers category; Select from Self Control powers category; Select from Technological powers category,d10,d8,d6,"You don't know the source of your powers: they either just manifested one day, or hint at a bigger mystery.",Incoming assign dice = previous step next_die_* (Background). This row only stores dice THIS source grants to Archetype (glyphs). Type from the book.,0,2,yes,No Green. Instead: gain a Social quality.
19,higher-power,Higher Power,,Select from Athletic powers category; Select from Elemental/Energy powers category; Select from Materials powers category; Select from Psychic powers category; Select from Self Control powers category,d10,d8,d8,You have been chosen by a higher force or are a being from another realm. Your powers are a reflection of your calling or true form.,Incoming assign dice = previous step next_die_* (Background). This row only stores dice THIS source grants to Archetype (glyphs). Type from the book.,1,2,yes,
20,the-multiverse,The Multiverse,,Awareness; Cosmic; Intuition; Speed; Teleportation; Select from Psychic powers category; Select from Self Control powers category,d10,d8,d6,"You have traveled or been flung through the realms of time and space. Without The Multiverse itself, you would not be who you are now.",Incoming assign dice = previous step next_die_* (Background). This row only stores dice THIS source grants to Archetype (glyphs). Type from the book.,0,2,yes,No Green. Instead: gain one extra power from any category.
