slug,name,category,page,roleplay,minor_twist,major_twist,green_ability,green_type
principle-of-destiny,Principle of Destiny,Esoteric,124,Signs and portents lead you towards an inevitable place in your life. You can always gain some measure of direction when needed.,What omen of dire fortune did you just witness?,What heinous prophecy just came true?,Overcome a situation directly connected to your destiny and use your Max die. You and each of your allies gain a hero point.,A
principle-of-exorcism,Principle of Exorcism,Esoteric,124,You can detect the subtle hints of the influence of other realms in an event.,What is (literally or figuratively) coming back to haunt you?,What has been allowed to enter this world?,Overcome entities or elements from another dimension and use your Max die. You and each of your allies gain a hero point.,A
principle-of-fauna,Principle of Fauna,Esoteric,124,"Your innate animalistic nature allows you to identify any type of non-sapient animal life and determine its origin in broad terms, such as Earth, alien, etc.",How did your primal nature get the better of you?,What is the only way the animal within can be restrained?,Overcome with the aid of local fauna and use your Max die. You and each of your allies gain a hero point.,A
principle-of-flora,Principle of Flora,Esoteric,125,"You can identify any type of plant life and determine its origin in broad terms, such as Earth, alien, etc.",What grows out of your control?,How is nature reclaiming something important?,Overcome with the aid of local flora and use your Max die. You and each of your allies gain a hero point.,A
principle-of-immortality,Principle of Immortality,Esoteric,125,You do not age and will not be affected by mundane ailments.,You take the long view of things. How does that cause you to be too slow?,What important attachment must you shed?,Overcome a situation involving your physical condition and use your Max die. You and each of your allies gain a hero point.,A
principle-of-magic,Principle of Magic,Esoteric,125,"You are attuned to an otherworldly force, and can feel the mystical energies of the area.",What weird curse is now following you around?,What mystical backlash has changed your life?,Overcome against a mystical force and use your Max die. You and each of your allies gain a hero point.,A
principle-of-space,Principle of Space,Esoteric,126,You can survive in the vacuum of space without additional equipment.,Who can hear you scream?,What caused you to drift off into the unknown?,Overcome while in space (or conditions similar to space) and use your Max die. You and each of your allies gain a hero point.,A
principle-of-energy-element,Principle of [Energy/Element],Esoteric,124,You have an affinity to or a love of [energy/element]. You can interact with that [energy/element] with ease.,What other energy/element is currently causing your powers to go on the fritz?,What source of energy/element is currently dampening all your powers?,Overcome a challenge involving [energy/element] and use your Max die. You and each of your allies gain a hero point.,A
principle-of-the-future,Principle of the Future,Esoteric,125,You have visions or knowledge of things yet to come.,What unintended ripple did your actions have?,What ripple effect now threatens the future as you know it?,Overcome using your knowledge of possible futures and use your Max die. You and each of your allies gain a hero point.,A
principle-of-the-inner-demon,Principle of the Inner Demon,Esoteric,125,You have a darkness in you that you strive to keep suppressed. You can reach out to your dark side to connect with similar forces.,What sinister act comes from tapping into your dark side?,What havoc does your dark side inflict as you allow it to take control?,Tap into your dark psyche to Overcome a problem and use your Max die. You and each of your allies gain a hero point.,A
principle-of-the-sea,Principle of the Sea,Esoteric,126,You can speak to aquatic creatures and breathe underwater.,What challenge does the surface world pose for you?,What disaster is incoming as the sea comes calling?,Overcome a situation while underwater and use your Max die. You and each of your allies gain a hero point.,A
principle-of-the-time-traveler,Principle of the Time Traveler,Esoteric,126,You are far from your own time and are often unsure how to act in this time. You have an innate sense for when time is not quite right in the era you're in.,What detail of this era did you not previously know about?,What effects are happening as you discorporate in time?,Overcome a problem using knowledge from your home era and use your Max die. You and each of your allies gain a hero point.,A
principle-of-the-undead,Principle of the Undead,Esoteric,126,"You are ""living challenged."" You can still be hurt and damaged, but you can ignore many of the afflictions that bother the living.",How did your undead nature unnerve those around you?,How are you risking your connection to the living world with what happened?,Overcome a situation where your undead nature comes in handy and use your Max die. You and each of your allies gain a hero point.,A
principle-of-clockwork,Principle of Clockwork,Expertise,127,You are good at understanding how pieces operate in tandem and can identify flaws in ordered systems.,What tool just broke?,What faraway location are your tools now occupying?,Overcome a complex problem with a simple tool and use your Max die. You and each of your allies gain a hero point.,A
principle-of-history,Principle of History,Expertise,127,"You have many contacts and references in the archaeological, historical, and anthropological fields.",How did your old-timeyness cause an issue?,What ancient force is now making itself known in the present?,"Overcome a situation involving archaeology, history, or puzzle-solving and use your Max die. You and each of your allies gain a hero point.",A
principle-of-mastery,Principle of Mastery,Expertise,128,You have thoroughly studied your own powers and are proud of your mastery of them. You understand a good deal about the metaphysics of your powers.,How did your powers fail you in the moment?,What side effects are you suffering from your powers?,Overcome in a situation that uses your powers in a new way and use your Max die. You and each of your allies gain a hero point.,A
principle-of-science,Principle of Science,Expertise,129,You are up to date on and understand most modern scientific theories and research and can quote from them during conversations.,What were the surprising effects of leveraging that scientific principle in this situation?,Oh heck! What just blew up?,Overcome while applying specific scientific principles. Use your Max die. You and each of your allies gain a hero point.,A
principle-of-speed,Principle of Speed,Expertise,129,"You're fast, and you don't like to waste time. You like to be on your way as quickly as possible.",What physical drawbacks do you suffer from going too fast?,What critical detail did you speed by earlier that is now coming back to haunt you?,"When you successfully Overcome, you may end up anywhere in the current environment. You and each of your allies gain a hero point.",I
principle-of-stealth,Principle of Stealth,Expertise,129,You always know the most efficient method to enter or leave a location.,What evidence of your presence did you just leave behind?,What just happened that identified you as an obvious threat?,Overcome to infiltrate somewhere or avoid detection and use your Max die. You and each of your allies gain a hero point.,A
principle-of-strength,Principle of Strength,Expertise,129,"You are very strong, so you must be careful to not crush delicate things. You do not need to roll to perform mundane acts of great strength.",What just broke?,Who just broke?,Overcome using brute force and use your Max die. You and each of your allies gain a hero point.,A
principle-of-whispers,Principle of Whispers,Expertise,130,,How did the voice in your head just distract you?,What is the voice demanding of you now?,Overcome against a challenge that involves information that you have no real way of knowing and use your Max die. You and each of your allies gain a hero point.,A
principle-of-the-gearhead,Principle of the Gearhead,Expertise,127,"You always know the general state of repair or function of an item of technology, whether it's a simple toaster or an alien orbital defense system.",What mechanical device just shorted out?,What machine just went terribly off the rails?,Overcome a technological challenge and use your Max die. You and each of your allies gain a hero point.,A
principle-of-the-indestructible,Principle of the Indestructible,Expertise,127,"You ignore damage from unpowered close-combat weapons and attacks, such as clubs and non-powered fists, or basic ranged attacks, such as slings and arrows.",What goes wrong with your defenses?,Who gets hurt other than you as a result of you not being able to take damage?,Overcome in a situation where you charge headlong into danger and use your Max die. You and each of your allies gain a hero point.,A
principle-of-the-lab,Principle of the Lab,Expertise,128,"You have nearly unlimited access to a dedicated research area, and are at home there.",What did you make a detour to observe and sample for later experiments?,Something's gone very wrong at the lab; what was it?,Overcome while in a familiar workspace or when you have ample research time. Use your Max die. You and each of your allies gain a hero point.,A
principle-of-the-mentor,Principle of the Mentor,Expertise,128,It is important to you to share your knowledge and experience with less-weathered heroes. Everyone grants you some measure of respect for your wisdom.,Which whippersnapper just showed you up?,What has just proven that you're too behind the times?,Overcome a challenge that someone else younger already tried and failed. Use your Max die. You and each of your allies gain a hero point.,A
principle-of-the-powerless,Principle of the Powerless,Expertise,129,You value training and hard work over enhanced abilities. You understand how to get things done without powers and how to exploit flaws in powered individuals.,What temporary injury did you just suffer?,What more serious injury did you just suffer?,Use your knowledge of the limitations of super powers in an Overcome action and use your Max die. You and each of your allies gain a hero point.,A
principle-of-the-tactician,Principle of the Tactician,Expertise,130,"You are constantly assessing the situation, making plans and backup plans, and then reassessing the situation.",What one variable did your plan not account for?,What major threat is revealed that invalidates all your plans?,Overcome when you can flashback to how you prepared for this exact situation. Use your Max die. You and each of your allies gain a hero point.,A
principle-of-chaos,Principle of Chaos,Ideals,131,You are an unpredictable free spirit. Even towering intellects can't predict what you will do next.,How did you fall in line in order to get something done?,What has caused you to become predictable and stale?,Overcome a situation in a way that is truly unpredictable and use your Max die. You and each of your allies gain a hero point.,A
principle-of-compassion,Principle of Compassion,Ideals,131,You are an empathetic person. You feel the suffering of others around you.,What overwhelming injustice causes you extra pain?,How will you handle disconnecting from humanity?,Overcome to connect with an individual on a personal level and use your Max die. You and each of your allies gain a hero point.,A
principle-of-dependence,Principle of Dependence,Ideals,131,You are reliant on [something] and cannot normally function without it.,How did the object of your dependence get damaged or lost?,How is your dependence preventing you from functioning as a hero?,Overcome in a situation that the object of your dependence was made for. Use your Max die. You and each of your allies gain a hero point.,A
principle-of-equality,Principle of Equality,Ideals,132,You have a keen sense of social status and can spot any situation where people are treated unfairly.,Who is in danger that you just spotted?,What will you sacrifice to protect the downtrodden?,Overcome to protect the rights of the underprivileged and use your Max die. You and each of your allies gain a hero point.,A
principle-of-great-power,Principle of Great Power,Ideals,132,"Your powers are so strong they can even scare you sometimes, but you work hard to control them. You can wield those powers to intimidate others.",How do you restrain yourself from unleashing your full power?,What major damage do you inflict in the process of saving the day?,Overcome a situation using one of your highest rated powers and use your Max die. You and each of your allies gain a hero point.,A
principle-of-honor,Principle of Honor,Ideals,132,"You are governed by a strict code of conduct. Even under coercion, you will not compromise your ideals.",Your honor has been challenged. How will you answer?,"Will you choose your honor, or your life?",Overcome a situation to maintain your code of honor and use your Max die. You and each of your allies gain a hero point.,A
principle-of-justice,Principle of Justice,Ideals,133,You are always aware of acts of injustice in your environment and those who have committed them.,How are you taking extra time to show yourself as a shining example of justice?,How do you unnerve your allies in the single-minded pursuit of justice?,Overcome to stop an act of injustice in progress and use your Max die. You and each of your allies gain a hero point.,A
principle-of-liberty,Principle of Liberty,Ideals,133,You believe strongly in freedom and always side with the oppressed. You can never truly be mentally restrained.,How do you become temporarily trapped?,How have you become a prisoner yourself?,Overcome in a situation where you are restricted or bound and use your Max die. You and each of your allies gain a hero point.,A
principle-of-order,Principle of Order,Ideals,133,You believe in organization and concordance. You always keep your head in the face of chaos.,What element of disorder causes your plan to fall apart?,How is your ordered existence ruined by chaos?,Overcome a challenge where you can organize other people. Use your Max die. You and each of your allies gain a hero point.,A
principle-of-self-preservation,Principle of Self Preservation,Ideals,134,You value your own safety more than most others in your line of work. You will never be caught fully unaware in a situation where your life is at stake.,Who suffers because of your hesitation?,Are you willing to lay down your life to save others?,Overcome to get yourself out of immediate danger and use your Max die. You and each of your allies gain a hero point.,A
principle-of-the-defender,Principle of the Defender,Ideals,131,You will put yourself in harm's way to defend another without a second thought.,How do your actions put you in more danger than before?,What great sacrifice did you just make to succeed?,Overcome a situation that requires you to hold the line and use your Max die OR use your Mid die and Defend with your Min die. You and each of your allies gain a hero point.,A
principle-of-the-hero,Principle of the Hero,Ideals,132,"Because of your abilities, you have a calling to protect others.",Your immediate need to help someone else causes you to drop the ball in your personal life. What was it?,You're given an ultimatum between your life as a hero and something else you value. What do you give up?,Overcome a situation in which innocent people are in immediate danger and use your Max die. You and each of your allies gain a hero point.,A
principle-of-the-zealot,Principle of the Zealot,Ideals,134,"Your will is indomitable, and your beliefs govern your actions.",Who suffered extra because of your zealous persecution?,What has your faith called on you to do that no one else will understand?,Overcome a situation that tests your faith and use your Max die. You and each of your allies gain a hero point.,A
principle-of-ambition,Principle of Ambition,Identity,135,"There is something you want, and you strive towards achieving your goals, no matter the cost. You see paths to victory that no one else will.",How is the pursuit of your goals getting in the way of being a hero in this situation?,What did you just pass up or miss that could have helped you achieve your biggest goal at last?,Overcome a situation where someone else has given you a bonus from a Boost and use your Max die. You and each of your allies gain a hero point.,A
principle-of-amnesia,Principle of Amnesia,Identity,135,Your past is lost to you or otherwise obscured. Others have immense difficulty in keeping track of you.,You have a flash of your former life that momentarily distracted you — what was it?,A shocking detail of your past changes the current situation — how does it affect the scene?,Overcome a situation where a completely fresh perspective is useful and use your Max die. You and each of your allies gain a hero point.,A
principle-of-detachment,Principle of Detachment,Identity,135,You are detached from emotional situations and always keep your cool.,Which hero or supporting character have you just alienated with your distant behavior?,How have you withdrawn from the current situation to cope?,Overcome a challenge related to duress or fear and use your Max die. You and each of your allies gain a hero point.,A
principle-of-discovery,Principle of Discovery,Identity,135,You are eager to learn new things at any cost. You can rattle off data about newly discovered concepts and ideas.,What new discovery causes you to reconsider what you are doing?,What new discovery must you keep hidden at all costs?,"When you're on the forefront in making a discovery or invention and take an Overcome action to further your knowledge, use your Max die. You and each of your allies gain a hero point.",A
principle-of-levity,Principle of Levity,Identity,137,You keep your positive outlook even when all hope is lost. Your spirit is nearly impossible to break.,Who did you offend by making light at the wrong time?,What has occurred to finally break your good spirits?,Overcome a dire situation where your jokes prevent demoralization and use your Max die. You and each of your allies gain a hero point.,A
principle-of-peace,Principle of Peace,Identity,136,"You believe that the ultimate goal of your mission is peace, and that violence is usually not the answer. While not necessarily a pacifist, you can almost always come up with a non-violent solution to problems.",What causes you to lose your calm?,What major issue do you create with your team when you refuse to engage in violence?,Overcome a situation with serenity instead of violence and use your Max die. You and each of your allies gain a hero point.,A
principle-of-rage,Principle of Rage,Identity,136,They don't like you when you're angry. Your fury is intimidating to many.,What did your anger just mess up?,Who have you thoroughly alienated with your outbursts?,Overcome a situation where you can channel your rage for good and use your Max die. You and each of your allies gain a hero point.,A
principle-of-savagery,Principle of Savagery,Identity,137,Your wild instincts stay with you and guide your actions. You can survive in the wild and resist the trappings of civilization.,Who did you harm with your rampage?,What major act of collateral damage are you responsible for?,Overcome a situation that taps into your primal nature and use your Max die. You and each of your allies gain a hero point.,A
principle-of-the-loner,Principle of the Loner,Identity,136,"You're the best at what you do, as long as no one else sees you do it. You can always find your own path.","Now that you're separated from your team, how will you get back?",How do you alienate the rest of your team with your loner tendencies?,Overcome when doing something different from the rest of your team and use your Max die. You and each of your allies gain a hero point.,A
principle-of-the-nomad,Principle of the Nomad,Identity,136,"You are far away from home, but you're used to living on the road. You know how to get by on the run.",What problem does your lack of attachments cause?,How have you been lost from your new home?,Overcome a situation where you can apply lessons from the road and use your Max die. You and each of your allies gain a hero point.,A
principle-of-the-split,Principle of the Split,Identity,137,You have two (or more) entirely separate facets to your personality. As a result you can look at a situation from many different angles.,What perspective ended up being the wrong one for the situation?,What inner conflict has completely thrown you off?,Overcome a situation that benefits from having a completely new outlook and use your Max die. You and each of your allies gain a hero point.,A
principle-of-the-spotless-mind,Principle of the Spotless Mind,Identity,137,"You have a state of blissful ignorance. Grudges, entanglements, and commitments slide right off you.",What slid off you previously that could have been useful right now?,What major thing did you forget and why did forgetting it make your situation much worse?,Overcome a situation where being free of the past is useful and use your Max die. You and each of your allies gain a hero point.,A
principle-of-business,Principle of Business,Responsibility,138,You are an entrepreneur — running a business is an important part of your life and your identity. You have a base of operations that you can rely on for support.,You're always looking at the bigger picture. How does that cause friction in the moment with your team?,"Your business interests are in danger. Where are your priorities, truly?",Overcome in a situation related to the field of your business or knowing locals. Use your Max die. You and each of your allies gain a hero point.,A
principle-of-family,Principle of Family,Responsibility,139,Your family is an important part of your life. You have relatives in a wide range of fields that you can call upon.,Which member of your family just compromised your mission?,What do you have to give up in your heroic life for the sake of your family?,Overcome in a situation where you have been given advice from a family member and use your Max die. You and each of your allies gain a hero point.,A
principle-of-youth,Principle of Youth,Responsibility,141,"You have an innocent and cheerful outlook on most things, based on your upbeat personality and general lack of experience. You can slip into many situations that adults would have trouble with.",Who has been put out by your overconfidence?,What person that you would hate to let down is now very disappointed in you?,Overcome a situation where your age or size is an asset and use your Max die. You and each of your allies gain a hero point.,A
principle-of-the-debtor,Principle of the Debtor,Responsibility,138,"You owe someone or something more than you can ever repay. You know plenty of folks willing to give out favors, but it'll cost you later.",What potential source of wealth looks mighty tempting right about now?,Who has come to collect?,Overcome in a situation related to repaying a debt and use your Max die. You and each of your allies gain a hero point.,A
principle-of-the-detective,Principle of the Detective,Responsibility,138,"You can always tell when an important piece of information is being left out or obscured, though you might not know exactly what it is.",What important clue did you miss?,What major secret was just revealed that you would rather have stayed hidden?,Overcome to learn hidden information and use your Max die. You and each of your allies gain a hero point.,A
principle-of-the-double-agent,Principle of the Double Agent,Responsibility,138,"You are loyal to more than one organization, possibly working at cross purposes. You always cover your tracks.",What were you just forced to do that seemed strange to your current allies?,Will you shatter your trust with your current allies or forfeit what your other allegiance offers?,Overcome in a situation where you can draw upon resources from your other organization and use your Max die. You and each of your allies gain a hero point.,A
principle-of-the-everyman,Principle of the Everyman,Responsibility,139,"You are just a normal person who has had power thrust upon them or are otherwise in over your head. You don't have the same sense of lofty purpose as other heroes. When needed, you can make yourself just another face in the crowd.",Which hero did you make look good at the expense of yourself?,How are you utterly and totally out of your league?,Overcome when using a bonus made by another hero and use your Max die. You and each of your allies gain a hero point.,A
principle-of-the-mask,Principle of the Mask,Responsibility,139,It is vitally important that you hide your true identity. You have a career that allows you to slip between identities when necessary.,What clue about your real identity did you leave behind?,Who from your civilian life is now in imminent danger?,Overcome using knowledge from your civilian life and use your Max die. You and each of your allies gain a hero point.,A
principle-of-the-sidekick,Principle of the Sidekick,Responsibility,139,You always seem to be where the trouble is; you're never too far away when a crisis strikes the group you sidekick for.,Which hero has to rescue you from your current predicament?,What serious lesson that you ignored is now getting you into big trouble?,Overcome a challenge that has already flummoxed a more senior teammate and use your Max die. You and each of your allies gain a hero point.,A
principle-of-the-team,Principle of the Team,Responsibility,140,Your heroic team takes up a significant portion of your life and you have an official position in that team. Civilian authorities will recognize your status in the team.,What embarrassment did you just cause as a representative of your team?,What major sanctions will you suffer as a result of your actions?,Overcome by using your status as an official representative and use your Max die. You and each of your allies gain a hero point.,A
principle-of-the-underworld,Principle of the Underworld,Responsibility,140,You have a variety of contacts from the criminal underworld and organized crime.,What shady detail causes others to distrust you?,Are you guilty of what you're being arrested for?,Overcome a problem related to your knowledge of the criminal underworld or using one of your contacts and use your Max die. You and each of your allies gain a hero point.,A
principle-of-the-veteran,Principle of the Veteran,Responsibility,141,You remain clear-headed under intense combat situations.,What affected you emotionally about the current conflict?,How are you withdrawing from the current conflict?,Overcome a tactical challenge using knowledge of a previous conflict and use your Max die. You and each of your allies gain a hero point.,A
