slug,category,name,description,health_eligible,requires_custom_name
criminal-underworld-info,Information,Criminal Underworld Info,"You are connected in the world of organized crime. If you need to find a guy who knows a guy, or have some loot to fence, you know how to do it.",no,no
deep-space-knowledge,Information,Deep Space Knowledge,You have experience in the inhabited worlds beyond Earth and knowledge of various stellar bodies outside the solar system.,no,no
history,Information,History,You have a deep knowledge of various historical facts from around the world.,no,no
magical-lore,Information,Magical Lore,You have studied occult tomes and know all kinds of details of the mystical and arcane realms.,no,no
medicine,Information,Medicine,You have training in treating illness and injury.,no,no
otherworldly-mythos,Information,Otherworldly Mythos,You have gazed into other dimensions such as the Realm of Discord and returned with strange knowledge.,no,no
science,Information,Science,"You know about physical sciences such as physics, biology, and more.",no,no
technology,Information,Technology,You are an expert in engineering and computers.,no,no
alertness,Mental,Alertness,You have worked on training your natural or unnatural senses to be alert at all times.,yes,no
conviction,Mental,Conviction,You believe in a cause or a faith so strongly that it drives you to great heights.,yes,no
creativity,Mental,Creativity,"You are practiced in a creative field, perhaps painting, singing, or interpretative dance.",yes,no
investigation,Mental,Investigation,"You have training in investigation, from evidence collecting techniques to forensic styles.",yes,no
self-discipline,Mental,Self-Discipline,"After practiced meditation and honed willpower, you have incredible depths of discipline over your emotions.",yes,no
acrobatics,Physical,Acrobatics,You are trained in all manner of gymnastic and aerial maneuvers.,no,no
close-combat,Physical,Close Combat,"You can fight up close: it might be with melee weapons, it might be martial arts, or it might be plain old fashioned punching.",no,no
finesse,Physical,Finesse,You are very precise with your hands and can pull off defusing a bomb or picking a pocket.,no,no
fitness,Physical,Fitness,You are in top physical shape and can run long distances without getting tired.,no,no
ranged-combat,Physical,Ranged Combat,"You are skilled in attacking from afar, whether it be with guns, archery, or suit-mounted lasers.",no,no
stealth,Physical,Stealth,You are an expert at sneaking in any environment.,no,no
banter,Social,Banter,You have a gift for gab that sometimes can be used to annoy your enemies (or friends).,no,no
imposing,Social,Imposing,You know how to make yourself intimidating to your foes.,no,no
insight,Social,Insight,You can read people and determine what they're trying to hide.,no,no
leadership,Social,Leadership,You can lead and direct your allies effectively.,no,no
persuasion,Social,Persuasion,You can convince others that what you're saying is in their best interest.,no,no
