slug,category,category_kind,name,type,game_text,roll_type,gate
athletic-major-regeneration,Athletic,power,Major Regeneration,A,[[Index_and_Glossary#Hinder,Hinder,must have a die in this category (d6+ if inherent with no [power]/[quality])
athletic-paragon-feat,Athletic,power,Paragon Feat,A,[[Index_and_Glossary#Overcome,Overcome,must have a die in this category (d6+ if inherent with no [power]/[quality])
athletic-push-your-limits,Athletic,power,Push Your Limits,I,No limit on Reactions per turn. Each [[Index_and_Glossary#Reaction,,must have a die in this category (d6+ if inherent with no [power]/[quality])
athletic-reactive-strike,Athletic,power,Reactive Strike,R,"When Attacked and dealt damage, [[Index_and_Glossary#Attack",Attack,must have a die in this category (d6+ if inherent with no [power]/[quality])
elemental-energy-charged-up-blast,Elemental/Energy,power,Charged Up Blast,A,[[Index_and_Glossary#Attack,Attack,must have a die in this category (d6+ if inherent with no [power]/[quality])
elemental-energy-eruption,Elemental/Energy,power,Eruption,A,[[Index_and_Glossary#Attack,Attack,must have a die in this category (d6+ if inherent with no [power]/[quality])
elemental-energy-improved-immunity,Elemental/Energy,power,Improved Immunity,I,"If you'd take damage from [element/energy], ignore it and [[Index_and_Glossary#Recover",Recover,must have a die in this category (d6+ if inherent with no [power]/[quality])
elemental-energy-powerful-strike,Elemental/Energy,power,Powerful Strike,A,[[Index_and_Glossary#Attack,Attack,must have a die in this category (d6+ if inherent with no [power]/[quality])
elemental-energy-purification,Elemental/Energy,power,Purification,A,Remove all bonuses and penalties from the scene. Cannot use again this scene.,,must have a die in this category (d6+ if inherent with no [power]/[quality])
elemental-energy-summoned-allies,Elemental/Energy,power,Summoned Allies,A,Use [power] to create a number of d6 minions equal to your Mid die. Choose one shared basic action for them. All act at start of your turn.,,must have a die in this category (d6+ if inherent with no [power]/[quality])
hallmark-charged-up-blast,Hallmark,power,Charged Up Blast,A,[[Index_and_Glossary#Attack,Attack,must have a die in this category (d6+ if inherent with no [power]/[quality])
hallmark-quick-exit,Hallmark,power,Quick Exit,A,[[Index_and_Glossary#Attack,Attack,must have a die in this category (d6+ if inherent with no [power]/[quality])
hallmark-sacrificial-ram,Hallmark,power,Sacrificial Ram,A,[[Index_and_Glossary#Attack,Attack,must have a die in this category (d6+ if inherent with no [power]/[quality])
hallmark-ultimate-weaponry,Hallmark,power,Ultimate Weaponry,A,[[Index_and_Glossary#Boost,Boost,must have a die in this category (d6+ if inherent with no [power]/[quality])
intellectual-calculated-dodge,Intellectual,power,Calculated Dodge,R,Take 1 irreducible damage to reroll the dice pool of a target Attacking or Hindering you.,Attack,must have a die in this category (d6+ if inherent with no [power]/[quality])
intellectual-give-time,Intellectual,power,Give Time,A,[[Index_and_Glossary#Boost,Boost,must have a die in this category (d6+ if inherent with no [power]/[quality])
intellectual-reliable-aptitude,Intellectual,power,Reliable Aptitude,I,"When taking any action using [power], you may reroll your Min die before determining effects.",,must have a die in this category (d6+ if inherent with no [power]/[quality])
intellectual-unerring-strike,Intellectual,power,Unerring Strike,A,[[Index_and_Glossary#Attack,Attack,must have a die in this category (d6+ if inherent with no [power]/[quality])
materials-field-of-hazards,Materials,power,Field of Hazards,A,[[Index_and_Glossary#Hinder,Hinder,must have a die in this category (d6+ if inherent with no [power]/[quality])
materials-impenetrable-defense,Materials,power,Impenetrable Defense,A,[[Index_and_Glossary#Defend,Defend,must have a die in this category (d6+ if inherent with no [power]/[quality])
materials-like-the-wind,Materials,power,Like the Wind,R,"When Attacked and dealt damage, you may ignore that damage completely. If so, treat the damage value as a [[Index_and_Glossary#Hinder",Attack,must have a die in this category (d6+ if inherent with no [power]/[quality])
materials-powerful-strike,Materials,power,Powerful Strike,A,[[Index_and_Glossary#Attack,Attack,must have a die in this category (d6+ if inherent with no [power]/[quality])
materials-summoned-allies,Materials,power,Summoned Allies,A,Use [power] to create a number of d6 minions equal to your Mid die. Choose one shared basic action. All act at start of your turn.,,must have a die in this category (d6+ if inherent with no [power]/[quality])
mobility-calculated-dodge,Mobility,power,Calculated Dodge,R,Take 1 irreducible damage to reroll the dice pool of a target Attacking or Hindering you.,Attack,must have a die in this category (d6+ if inherent with no [power]/[quality])
mobility-heroic-interruption,Mobility,power,Heroic Interruption,R,When an [[Index_and_Glossary#Attack,Attack,must have a die in this category (d6+ if inherent with no [power]/[quality])
mobility-intercession,Mobility,power,Intercession,R,"When multiple nearby heroes are Attacked, you may take all the damage instead — roll your [power] die + Red zone die and [[Index_and_Glossary#Defend",Attack,must have a die in this category (d6+ if inherent with no [power]/[quality])
mobility-take-down,Mobility,power,Take Down,A,[[Index_and_Glossary#Attack,Attack,must have a die in this category (d6+ if inherent with no [power]/[quality])
mobility-untouchable-index-and-glossary-movement,Mobility,power,Untouchable [[Index_and_Glossary#Movement,Movement]],A,,must have a die in this category (d6+ if inherent with no [power]/[quality])
psychic-dangerous-index-and-glossary-hinder,Psychic,power,Dangerous [[Index_and_Glossary#Hinder,Hinder]],A,,must have a die in this category (d6+ if inherent with no [power]/[quality])
psychic-dire-control,Psychic,power,Dire Control,A,"Select a minion — now entirely under your control, acts at start of your turn. If you're incapacitated, you lose control. You may release control any time. At end of scene, this minion is defeated.",,must have a die in this category (d6+ if inherent with no [power]/[quality])
psychic-final-wrath,Psychic,power,Final Wrath,A,[[Index_and_Glossary#Attack,Attack,must have a die in this category (d6+ if inherent with no [power]/[quality])
psychic-give-time,Psychic,power,Give Time,A,[[Index_and_Glossary#Boost,Boost,must have a die in this category (d6+ if inherent with no [power]/[quality])
psychic-impenetrable-defense,Psychic,power,Impenetrable Defense,A,[[Index_and_Glossary#Defend,Defend,must have a die in this category (d6+ if inherent with no [power]/[quality])
psychic-impossible-knowledge,Psychic,power,Impossible Knowledge,I,"At the start of your turn, change any penalty into a bonus.",,must have a die in this category (d6+ if inherent with no [power]/[quality])
psychic-summoned-allies,Psychic,power,Summoned Allies,A,Use [power] to create a number of d6 minions equal to your Mid die. Choose one shared basic action. All act at start of your turn.,,must have a die in this category (d6+ if inherent with no [power]/[quality])
self-control-change-self,Self Control,power,Change Self,I,"At the start of your turn, swap two of your power dice. Stay swapped until changed again or scene ends.",,must have a die in this category (d6+ if inherent with no [power]/[quality])
self-control-empowerment,Self Control,power,Empowerment,R,"When Attacked, roll your single [power] die as a [[Index_and_Glossary#Defend",Attack,must have a die in this category (d6+ if inherent with no [power]/[quality])
self-control-impenetrable-defense,Self Control,power,Impenetrable Defense,A,[[Index_and_Glossary#Defend,Defend,must have a die in this category (d6+ if inherent with no [power]/[quality])
self-control-major-regeneration,Self Control,power,Major Regeneration,A,[[Index_and_Glossary#Hinder,Hinder,must have a die in this category (d6+ if inherent with no [power]/[quality])
self-control-defensive-deflection,Self Control,power,Defensive Deflection,R,"When you'd be dealt damage, roll your single [power] die as both a [[Index_and_Glossary#Defend",Defend,must have a die in this category (d6+ if inherent with no [power]/[quality])
self-control-mutable-form,Self Control,power,Mutable Form,A,"Choose three basic actions. Use [power] in your pool: one action at Max die, a different action at Mid die, a third at Min die.",,must have a die in this category (d6+ if inherent with no [power]/[quality])
self-control-powerful-strike,Self Control,power,Powerful Strike,A,[[Index_and_Glossary#Attack,Attack,must have a die in this category (d6+ if inherent with no [power]/[quality])
self-control-resurrection,Self Control,power,Resurrection,I,"Once per issue, if you would go to 0 [[Index_and_Glossary#Health",,must have a die in this category (d6+ if inherent with no [power]/[quality])
self-control-summoned-allies,Self Control,power,Summoned Allies,A,Use [power] to create a number of d6 minions equal to your Mid die. Choose one shared basic action. All act at start of your turn.,,must have a die in this category (d6+ if inherent with no [power]/[quality])
technological-combustion,Technological,power,Combustion,A,[[Index_and_Glossary#Attack,Attack,must have a die in this category (d6+ if inherent with no [power]/[quality])
technological-final-wrath,Technological,power,Final Wrath,A,[[Index_and_Glossary#Attack,Attack,must have a die in this category (d6+ if inherent with no [power]/[quality])
technological-full-defensive,Technological,power,Full Defensive,A,[[Index_and_Glossary#Hinder,Hinder,must have a die in this category (d6+ if inherent with no [power]/[quality])
technological-ultimate-weaponry,Technological,power,Ultimate Weaponry,A,[[Index_and_Glossary#Boost,Boost,must have a die in this category (d6+ if inherent with no [power]/[quality])
technological-unload,Technological,power,Unload,A,[[Index_and_Glossary#Attack,Attack,must have a die in this category (d6+ if inherent with no [power]/[quality])
information-critical-eye,Information,quality,Critical Eye,A,Select a target. [[Index_and_Glossary#Boost,Boost,must have a die in this category (d6+ if inherent with no [power]/[quality])
information-discern-weakness,Information,quality,Discern Weakness,A,Remove a bonus on a target. [[Index_and_Glossary#Hinder,Hinder,must have a die in this category (d6+ if inherent with no [power]/[quality])
information-reliable-aptitude,Information,quality,Reliable Aptitude,I,"When taking any action using [quality], you may reroll your Min die before determining effects.",,must have a die in this category (d6+ if inherent with no [power]/[quality])
information-specialized-info,Information,quality,Specialized Info,A,[[Index_and_Glossary#Overcome,Overcome,must have a die in this category (d6+ if inherent with no [power]/[quality])
mental-aware-response,Mental,quality,Aware Response,R,"After an opponent Attacks or Hinders you or a nearby ally, [[Index_and_Glossary#Attack",Attack,must have a die in this category (d6+ if inherent with no [power]/[quality])
mental-canny-awareness,Mental,quality,Canny Awareness,A,[[Index_and_Glossary#Overcome,Overcome,must have a die in this category (d6+ if inherent with no [power]/[quality])
mental-considered-planning,Mental,quality,Considered Planning,A,[[Index_and_Glossary#Boost,Boost,must have a die in this category (d6+ if inherent with no [power]/[quality])
mental-final-wrath,Mental,quality,Final Wrath,A,[[Index_and_Glossary#Attack,Attack,must have a die in this category (d6+ if inherent with no [power]/[quality])
mental-harmony,Mental,quality,Harmony,I,"While you have at least one bonus created from [quality], treat [power] as one size higher (max d12).",,must have a die in this category (d6+ if inherent with no [power]/[quality])
mental-purification,Mental,quality,Purification,A,Remove all bonuses and penalties from the scene. Cannot use again this scene.,,must have a die in this category (d6+ if inherent with no [power]/[quality])
physical-book-it,Physical,quality,Book It,A,[[Index_and_Glossary#Hinder,Hinder,must have a die in this category (d6+ if inherent with no [power]/[quality])
physical-endurance-fighting,Physical,quality,Endurance Fighting,I,Whenever you [[Index_and_Glossary#Attack,Attack,must have a die in this category (d6+ if inherent with no [power]/[quality])
physical-finishing-blow,Physical,quality,Finishing Blow,A,[[Index_and_Glossary#Attack,Attack,must have a die in this category (d6+ if inherent with no [power]/[quality])
physical-reactive-defense,Physical,quality,Reactive Defense,R,"When an opponent Attacks, you may become the target of that [[Index_and_Glossary#Attack",Attack,must have a die in this category (d6+ if inherent with no [power]/[quality])
social-heroic-sacrifice,Social,quality,Heroic Sacrifice,R,"When an opponent Attacks, you may become the target of that [[Index_and_Glossary#Attack",Attack,must have a die in this category (d6+ if inherent with no [power]/[quality])
social-inspiring-totem,Social,quality,Inspiring Totem,I,"When you use an ability action, you may also perform any one basic action using your Mid die on the same roll.",,must have a die in this category (d6+ if inherent with no [power]/[quality])
social-lead-by-example,Social,quality,Lead by Example,A,Make a basic action using [quality]. Use Max die. All other heroes who take the same basic action on their turn against the same target receive a [[Index_and_Glossary#Boost,Boost,must have a die in this category (d6+ if inherent with no [power]/[quality])
social-ultimatum,Social,quality,Ultimatum,A,[[Index_and_Glossary#Hinder,Hinder,must have a die in this category (d6+ if inherent with no [power]/[quality])
