slug,name,health,effect,type,icons,ability_name,game_text
mook-squad,Mook Squad,0,ability,A,Other,Alert!,Replenish your minion squad up to the number of heroes.
hardier-minions,Hardier Minions,5,ability,A,Other,Empower Minions,Choose one group of minions in the scene. Upgrade all their dice one size (maximum d12).
group-fighter,Group Fighter,20,ability,I,Attack,Extra Attack,When you take an action that lets you make an Attack, also make an Attack using your Mid die.
villainous-vehicle,Villainous Vehicle,15,vehicle,I,Other,Villainous Vehicle,"Build a lieutenant for the situation (d12 with four abilities, d10 with three, or d8 with two). Choose vehicle abilities from the book."
power-upgrade,Power Upgrade,20,power_bump,I,None,,Increase all power dice by one size. If any power would increase above d12, instead add another ability from the villain's archetype.
quality-upgrade,Quality Upgrade,20,quality_bump,I,None,,"Increase all quality dice by one size, except the custom roleplaying quality. If any quality would increase above d12, instead add another ability from the villain's approach."
defense-shield,Defense Shield,0,ability,I,Defend,Defense Shield,"You cannot be damaged by anyone except yourself until the defense shield is destroyed. The defense shield has 40 Health, or can be deactivated with three Overcome successes. If a hero takes a minor twist working on the shield, you can make an Attack as a reaction by rolling your single [power] die."
calming-aura,Calming Aura,10,ability,I,Hinder,Calming Aura,"The heroes act as being in the Green zone for status die, access to abilities, and for the purposes of all abilities. Heroes may remove this ability with three Overcome successes. If a hero takes a minor twist, you may use a reaction to Hinder them by rolling your single [power] die."
power-dampening-field,Power Dampening Field,10,ability,I,Other,Power Dampening Field,"While the scene is in the Green zone, all heroes' power dice at d8 or above are reduced one size. In the Yellow zone, all heroes' power dice at d10 or above are reduced two die sizes. In the Red zone, all heroes' power dice are treated as if they are d4. Heroes may remove this ability with three Overcome successes. If a hero takes a minor twist, the hero must lose access to a power entirely until this ability is removed."
brainwashing-zone,Brainwashing Zone,10,ability,I,Other,Brainwashing Zone,"While the scene is in the Green zone, all heroes' quality dice at d8 or above are reduced one size. In the Yellow zone, all heroes' quality dice at d10 or above are reduced two die sizes. In the Red zone, all heroes' quality dice are treated as if they are d4. Heroes may remove this ability with three Overcome successes. If a hero takes a minor twist, the hero must lose access to a quality entirely until this ability is removed. If a hero is knocked out while this ability is active, you may create a new minion using the hero's highest power die to represent the controlled version of that hero."
