slug,name,type,icons,game_text
master-of-annihilation,Master of Annihilation,I,Overcome,"If you can cause massive collateral damage without regard for casualties, automatically succeed at an Overcome where a show of overwhelming force can solve the problem."
master-behind-the-curtain,Master Behind the Curtain,I,Overcome,"As long as you are not directly involved in the fray and are using your influence indirectly, automatically succeed at an Overcome to manipulate a situation."
master-of-conquest,Master of Conquest,I,Overcome,"As long as you are in command of your own forces, automatically succeed at an Overcome involving seizing an area or capturing civilians."
master-of-enforced-order,Master of Enforced Order,I,Overcome,"If you have complete control over your immediate surroundings, automatically succeed in an Overcome to organize rabble to accomplish a task."
master-of-mad-science,Master of Mad Science,I,Overcome,"As long as you have access to materials, you can automatically succeed when Overcoming a challenge by using scientific principles and inventions."
master-mercenary,Master Mercenary,I,Overcome,"If you have been given a contract to perform a specific task, automatically succeed at an Overcome in a situation where the difference is getting paid and not getting paid."
master-of-mysticism,Master of Mysticism,I,Overcome,"If you have access to proper materials, automatically succeed at an Overcome in a situation involving harnessing magical forces."
master-of-profitability,Master of Profitability,I,Overcome,"If you have access to great wealth and other resources, automatically succeed at an Overcome to leverage those resources to get even richer, no matter who else pays the price."
master-of-superiority,Master of Superiority,I,Overcome,"As long as you are manifesting effects related to a power you have at d12, automatically succeed at an Overcome involving usage of those powers."
master-of-total-chaos,Master of Total Chaos,I,Overcome,"If you are in a situation where everything is spiraling out of control, automatically succeed in an Overcome to accomplish a task by throwing out the rules."
master-of-the-unfathomable,Master of the Unfathomable,I,Overcome,"If you are in a situation involving eldritch and disturbing forces, automatically succeed at an Overcome to do the bidding of a being beyond human concerns."
